chain,resname,resid,atom,sasa,relative_sasa
A,MET,1,N,20.465,0.266
A,MET,1,CA,0.242,0.266
A,MET,1,C,0.821,0.266
A,MET,1,O,7.405,0.266
A,MET,1,CB,8.734,0.266
A,MET,1,CG,11.508,0.266
A,MET,1,SD,0.000,0.266
A,MET,1,CE,2.492,0.266
A,GLU,2,N,0.454,0.891
A,GLU,2,CA,8.584,0.891
A,GLU,2,C,1.771,0.891
A,GLU,2,O,13.499,0.891
A,GLU,2,CB,28.222,0.891
A,GLU,2,CG,37.951,0.891
A,GLU,2,CD,7.921,0.891
A,GLU,2,OE1,24.407,0.891
A,GLU,2,OE2,30.664,0.891
A,ASN,3,N,1.934,0.296
A,ASN,3,CA,2.645,0.296
A,ASN,3,C,0.000,0.296
A,ASN,3,O,0.000,0.296
A,ASN,3,CB,24.156,0.296
A,ASN,3,CG,3.792,0.296
A,ASN,3,OD1,1.899,0.296
A,ASN,3,ND2,8.162,0.296
A,PHE,4,N,0.000,0.137
A,PHE,4,CA,0.000,0.137
A,PHE,4,C,0.005,0.137
A,PHE,4,O,12.979,0.137
A,PHE,4,CB,0.532,0.137
A,PHE,4,CG,0.000,0.137
A,PHE,4,CD1,0.000,0.137
A,PHE,4,CD2,0.000,0.137
A,PHE,4,CE1,0.155,0.137
A,PHE,4,CE2,4.393,0.137
A,PHE,4,CZ,9.307,0.137
A,GLN,5,N,0.000,0.507
A,GLN,5,CA,4.923,0.507
A,GLN,5,C,0.000,0.507
A,GLN,5,O,0.000,0.507
A,GLN,5,CB,12.217,0.507
A,GLN,5,CG,6.362,0.507
A,GLN,5,CD,3.917,0.507
A,GLN,5,OE1,23.629,0.507
A,GLN,5,NE2,39.365,0.507
A,LYS,6,N,8.275,0.777
A,LYS,6,CA,13.378,0.777
A,LYS,6,C,3.161,0.777
A,LYS,6,O,9.681,0.777
A,LYS,6,CB,7.006,0.777
A,LYS,6,CG,16.746,0.777
A,LYS,6,CD,16.241,0.777
A,LYS,6,CE,41.565,0.777
A,LYS,6,NZ,39.889,0.777
A,VAL,7,N,5.559,0.490
A,VAL,7,CA,0.000,0.490
A,VAL,7,C,1.431,0.490
A,VAL,7,O,28.313,0.490
A,VAL,7,CB,9.245,0.490
A,VAL,7,CG1,11.447,0.490
A,VAL,7,CG2,18.197,0.490
A,GLU,8,N,0.000,0.607
A,GLU,8,CA,4.434,0.607
A,GLU,8,C,0.000,0.607
A,GLU,8,O,0.000,0.607
A,GLU,8,CB,14.774,0.607
A,GLU,8,CG,24.896,0.607
A,GLU,8,CD,8.312,0.607
A,GLU,8,OE1,24.803,0.607
A,GLU,8,OE2,27.272,0.607
A,LYS,9,N,6.968,0.555
A,LYS,9,CA,0.000,0.555
A,LYS,9,C,0.000,0.555
A,LYS,9,O,14.771,0.555
A,LYS,9,CB,16.202,0.555
A,LYS,9,CG,0.000,0.555
A,LYS,9,CD,20.049,0.555
A,LYS,9,CE,39.231,0.555
A,LYS,9,NZ,14.301,0.555
A,ILE,10,N,0.000,0.463
A,ILE,10,CA,3.659,0.463
A,ILE,10,C,0.050,0.463
A,ILE,10,O,22.761,0.463
A,ILE,10,CB,0.000,0.463
A,ILE,10,CG1,4.910,0.463
A,ILE,10,CG2,39.494,0.463
A,ILE,10,CD1,10.194,0.463
A,GLY,11,N,0.000,0.231
A,GLY,11,CA,18.480,0.231
A,GLY,11,C,0.000,0.231
A,GLY,11,O,0.000,0.231
A,GLU,12,N,6.625,0.483
A,GLU,12,CA,0.000,0.483
A,GLU,12,C,2.316,0.483
A,GLU,12,O,20.564,0.483
A,GLU,12,CB,0.000,0.483
A,GLU,12,CG,15.907,0.483
A,GLU,12,CD,8.157,0.483
A,GLU,12,OE1,6.962,0.483
A,GLU,12,OE2,22.595,0.483
A,GLY,13,N,0.000,0.268
A,GLY,13,CA,20.992,0.268
A,GLY,13,C,0.497,0.268
A,GLY,13,O,0.000,0.268
A,THR,14,N,5.000,0.258
A,THR,14,CA,0.000,0.258
A,THR,14,C,0.000,0.258
A,THR,14,O,4.139,0.258
A,THR,14,CB,0.447,0.258
A,THR,14,OG1,7.974,0.258
A,THR,14,CG2,18.334,0.258
A,TYR,15,N,0.308,0.155
A,TYR,15,CA,2.371,0.155
A,TYR,15,C,0.000,0.155
A,TYR,15,O,8.076,0.155
A,TYR,15,CB,0.057,0.155
A,TYR,15,CG,0.000,0.155
A,TYR,15,CD1,9.227,0.155
A,TYR,15,CD2,2.917,0.155
A,TYR,15,CE1,1.507,0.155
A,TYR,15,CE2,7.581,0.155
A,TYR,15,CZ,0.031,0.155
A,TYR,15,OH,0.839,0.155
A,GLY,16,N,0.000,0.018
A,GLY,16,CA,1.480,0.018
A,GLY,16,C,0.000,0.018
A,GLY,16,O,0.000,0.018
A,VAL,17,N,0.000,0.167
A,VAL,17,CA,0.000,0.167
A,VAL,17,C,0.000,0.167
A,VAL,17,O,0.000,0.167
A,VAL,17,CB,0.000,0.167
A,VAL,17,CG1,1.145,0.167
A,VAL,17,CG2,24.189,0.167
A,VAL,18,N,0.000,0.165
A,VAL,18,CA,0.000,0.165
A,VAL,18,C,0.000,0.165
A,VAL,18,O,0.000,0.165
A,VAL,18,CB,1.353,0.165
A,VAL,18,CG1,10.733,0.165
A,VAL,18,CG2,12.932,0.165
A,TYR,19,N,0.000,0.158
A,TYR,19,CA,0.000,0.158
A,TYR,19,C,0.000,0.158
A,TYR,19,O,0.000,0.158
A,TYR,19,CB,0.000,0.158
A,TYR,19,CG,0.000,0.158
A,TYR,19,CD1,0.707,0.158
A,TYR,19,CD2,1.121,0.158
A,TYR,19,CE1,1.774,0.158
A,TYR,19,CE2,17.471,0.158
A,TYR,19,CZ,3.290,0.158
A,TYR,19,OH,9.255,0.158
A,LYS,20,N,0.000,0.359
A,LYS,20,CA,0.000,0.359
A,LYS,20,C,0.055,0.359
A,LYS,20,O,0.051,0.359
A,LYS,20,CB,0.120,0.359
A,LYS,20,CG,3.138,0.359
A,LYS,20,CD,12.262,0.359
A,LYS,20,CE,8.365,0.359
A,LYS,20,NZ,48.074,0.359
A,ALA,21,N,0.000,0.014
A,ALA,21,CA,0.202,0.014
A,ALA,21,C,1.326,0.014
A,ALA,21,O,0.000,0.014
A,ALA,21,CB,0.000,0.014
A,ARG,22,N,0.000,0.365
A,ARG,22,CA,0.000,0.365
A,ARG,22,C,0.000,0.365
A,ARG,22,O,0.000,0.365
A,ARG,22,CB,0.874,0.365
A,ARG,22,CG,7.062,0.365
A,ARG,22,CD,4.926,0.365
A,ARG,22,NE,4.103,0.365
A,ARG,22,CZ,5.380,0.365
A,ARG,22,NH1,20.445,0.365
A,ARG,22,NH2,44.307,0.365
A,ASN,23,N,0.000,0.183
A,ASN,23,CA,0.000,0.183
A,ASN,23,C,0.000,0.183
A,ASN,23,O,0.052,0.183
A,ASN,23,CB,0.363,0.183
A,ASN,23,CG,0.000,0.183
A,ASN,23,OD1,0.000,0.183
A,ASN,23,ND2,25.990,0.183
A,LYS,24,N,0.000,0.653
A,LYS,24,CA,7.728,0.653
A,LYS,24,C,0.000,0.653
A,LYS,24,O,20.250,0.653
A,LYS,24,CB,0.000,0.653
A,LYS,24,CG,8.845,0.653
A,LYS,24,CD,10.943,0.653
A,LYS,24,CE,41.320,0.653
A,LYS,24,NZ,42.134,0.653
A,LEU,25,N,0.000,0.820
A,LEU,25,CA,3.146,0.820
A,LEU,25,C,0.688,0.820
A,LEU,25,O,30.297,0.820
A,LEU,25,CB,1.313,0.820
A,LEU,25,CG,12.371,0.820
A,LEU,25,CD1,35.233,0.820
A,LEU,25,CD2,63.350,0.820
A,THR,26,N,0.000,0.630
A,THR,26,CA,7.067,0.630
A,THR,26,C,1.872,0.630
A,THR,26,O,28.948,0.630
A,THR,26,CB,6.675,0.630
A,THR,26,OG1,0.000,0.630
A,THR,26,CG2,43.167,0.630
A,GLY,27,N,0.123,0.436
A,GLY,27,CA,18.869,0.436
A,GLY,27,C,1.715,0.436
A,GLY,27,O,14.190,0.436
A,GLU,28,N,0.000,0.558
A,GLU,28,CA,6.726,0.558
A,GLU,28,C,0.000,0.558
A,GLU,28,O,0.000,0.558
A,GLU,28,CB,10.140,0.558
A,GLU,28,CG,18.447,0.558
A,GLU,28,CD,6.524,0.558
A,GLU,28,OE1,13.883,0.558
A,GLU,28,OE2,40.424,0.558
A,VAL,29,N,0.948,0.452
A,VAL,29,CA,0.000,0.452
A,VAL,29,C,0.000,0.452
A,VAL,29,O,9.920,0.452
A,VAL,29,CB,0.000,0.452
A,VAL,29,CG1,18.467,0.452
A,VAL,29,CG2,39.153,0.452
A,VAL,30,N,0.000,0.019
A,VAL,30,CA,0.000,0.019
A,VAL,30,C,0.000,0.019
A,VAL,30,O,0.000,0.019
A,VAL,30,CB,0.256,0.019
A,VAL,30,CG1,0.000,0.019
A,VAL,30,CG2,2.617,0.019
A,ALA,31,N,0.000,0.037
A,ALA,31,CA,0.000,0.037
A,ALA,31,C,0.000,0.037
A,ALA,31,O,0.000,0.037
A,ALA,31,CB,4.004,0.037
A,LEU,32,N,0.000,0.026
A,LEU,32,CA,0.000,0.026
A,LEU,32,C,0.000,0.026
A,LEU,32,O,0.000,0.026
A,LEU,32,CB,0.000,0.026
A,LEU,32,CG,0.000,0.026
A,LEU,32,CD1,4.645,0.026
A,LEU,32,CD2,0.000,0.026
A,LYS,33,N,0.000,0.066
A,LYS,33,CA,0.000,0.066
A,LYS,33,C,0.000,0.066
A,LYS,33,O,0.000,0.066
A,LYS,33,CB,0.000,0.066
A,LYS,33,CG,0.000,0.066
A,LYS,33,CD,0.000,0.066
A,LYS,33,CE,2.860,0.066
A,LYS,33,NZ,10.410,0.066
A,LYS,34,N,0.000,0.324
A,LYS,34,CA,0.000,0.324
A,LYS,34,C,0.000,0.324
A,LYS,34,O,2.722,0.324
A,LYS,34,CB,0.000,0.324
A,LYS,34,CG,0.000,0.324
A,LYS,34,CD,13.989,0.324
A,LYS,34,CE,7.949,0.324
A,LYS,34,NZ,40.413,0.324
A,ILE,35,N,0.000,0.057
A,ILE,35,CA,0.000,0.057
A,ILE,35,C,0.000,0.057
A,ILE,35,O,0.000,0.057
A,ILE,35,CB,0.000,0.057
A,ILE,35,CG1,0.000,0.057
A,ILE,35,CG2,9.986,0.057
A,ILE,35,CD1,0.000,0.057
A,ARG,36,N,1.936,0.776
A,ARG,36,CA,0.000,0.776
A,ARG,36,C,0.000,0.776
A,ARG,36,O,17.648,0.776
A,ARG,36,CB,17.398,0.776
A,ARG,36,CG,5.161,0.776
A,ARG,36,CD,21.162,0.776
A,ARG,36,NE,4.948,0.776
A,ARG,36,CZ,8.709,0.776
A,ARG,36,NH1,51.093,0.776
A,ARG,36,NH2,57.296,0.776
A,LEU,37,N,0.000,0.234
A,LEU,37,CA,1.652,0.234
A,LEU,37,C,0.000,0.234
A,LEU,37,O,4.460,0.234
A,LEU,37,CB,0.000,0.234
A,LEU,37,CG,6.678,0.234
A,LEU,37,CD1,15.020,0.234
A,LEU,37,CD2,13.978,0.234
A,ASP,38,N,1.978,0.630
A,ASP,38,CA,0.065,0.630
A,ASP,38,C,0.453,0.630
A,ASP,38,O,20.571,0.630
A,ASP,38,CB,25.573,0.630
A,ASP,38,CG,7.718,0.630
A,ASP,38,OD1,9.426,0.630
A,ASP,38,OD2,22.667,0.630
A,THR,39,N,1.436,1.275
A,THR,39,CA,10.219,1.275
A,THR,39,C,30.355,1.275
A,THR,39,O,28.387,1.275
A,THR,39,CB,13.131,1.275
A,THR,39,OG1,35.500,1.275
A,THR,39,CG2,58.607,1.275
A,THR,47,N,49.930,0.923
A,THR,47,CA,8.424,0.923
A,THR,47,C,1.192,0.923
A,THR,47,O,24.483,0.923
A,THR,47,CB,16.152,0.923
A,THR,47,OG1,11.664,0.923
A,THR,47,CG2,16.730,0.923
A,ALA,48,N,0.605,0.226
A,ALA,48,CA,1.597,0.226
A,ALA,48,C,0.000,0.226
A,ALA,48,O,0.000,0.226
A,ALA,48,CB,22.220,0.226
A,ILE,49,N,0.304,0.244
A,ILE,49,CA,0.000,0.244
A,ILE,49,C,0.000,0.244
A,ILE,49,O,0.000,0.244
A,ILE,49,CB,5.574,0.244
A,ILE,49,CG1,6.091,0.244
A,ILE,49,CG2,13.234,0.244
A,ILE,49,CD1,17.448,0.244
A,ARG,50,N,0.970,0.761
A,ARG,50,CA,1.448,0.761
A,ARG,50,C,0.980,0.761
A,ARG,50,O,3.596,0.761
A,ARG,50,CB,8.178,0.761
A,ARG,50,CG,31.872,0.761
A,ARG,50,CD,32.180,0.761
A,ARG,50,NE,8.646,0.761
A,ARG,50,CZ,7.626,0.761
A,ARG,50,NH1,50.840,0.761
A,ARG,50,NH2,35.381,0.761
A,GLU,51,N,0.052,0.379
A,GLU,51,CA,1.470,0.379
A,GLU,51,C,0.146,0.379
A,GLU,51,O,2.276,0.379
A,GLU,51,CB,0.978,0.379
A,GLU,51,CG,17.898,0.379
A,GLU,51,CD,11.141,0.379
A,GLU,51,OE1,26.609,0.379
A,GLU,51,OE2,4.694,0.379
A,ILE,52,N,0.000,0.006
A,ILE,52,CA,0.260,0.006
A,ILE,52,C,0.000,0.006
A,ILE,52,O,0.000,0.006
A,ILE,52,CB,0.000,0.006
A,ILE,52,CG1,0.703,0.006
A,ILE,52,CG2,0.000,0.006
A,ILE,52,CD1,0.000,0.006
A,SER,53,N,0.000,0.304
A,SER,53,CA,0.000,0.304
A,SER,53,C,1.078,0.304
A,SER,53,O,3.141,0.304
A,SER,53,CB,21.126,0.304
A,SER,53,OG,10.081,0.304
A,LEU,54,N,0.000,0.648
A,LEU,54,CA,0.853,0.648
A,LEU,54,C,0.276,0.648
A,LEU,54,O,1.601,0.648
A,LEU,54,CB,9.524,0.648
A,LEU,54,CG,0.377,0.648
A,LEU,54,CD1,49.969,0.648
A,LEU,54,CD2,53.079,0.648
A,LEU,55,N,0.000,0.142
A,LEU,55,CA,0.000,0.142
A,LEU,55,C,0.000,0.142
A,LEU,55,O,5.270,0.142
A,LEU,55,CB,4.328,0.142
A,LEU,55,CG,0.464,0.142
A,LEU,55,CD1,2.090,0.142
A,LEU,55,CD2,13.286,0.142
A,LYS,56,N,0.000,0.327
A,LYS,56,CA,0.051,0.327
A,LYS,56,C,0.000,0.327
A,LYS,56,O,6.437,0.327
A,LYS,56,CB,3.972,0.327
A,LYS,56,CG,0.000,0.327
A,LYS,56,CD,0.215,0.327
A,LYS,56,CE,20.956,0.327
A,LYS,56,NZ,33.989,0.327
A,GLU,57,N,0.000,0.793
A,GLU,57,CA,4.125,0.793
A,GLU,57,C,0.000,0.793
A,GLU,57,O,24.192,0.793
A,GLU,57,CB,17.474,0.793
A,GLU,57,CG,6.496,0.793
A,GLU,57,CD,12.403,0.793
A,GLU,57,OE1,30.188,0.793
A,GLU,57,OE2,41.633,0.793
A,LEU,58,N,0.000,0.167
A,LEU,58,CA,1.005,0.167
A,LEU,58,C,0.000,0.167
A,LEU,58,O,2.838,0.167
A,LEU,58,CB,0.840,0.167
A,LEU,58,CG,0.758,0.167
A,LEU,58,CD1,22.288,0.167
A,LEU,58,CD2,2.101,0.167
A,ASN,59,N,1.824,0.494
A,ASN,59,CA,1.514,0.494
A,ASN,59,C,0.689,0.494
A,ASN,59,O,13.760,0.494
A,ASN,59,CB,27.789,0.494
A,ASN,59,CG,3.217,0.494
A,ASN,59,OD1,21.197,0.494
A,ASN,59,ND2,1.055,0.494
A,HIS,60,N,2.443,0.248
A,HIS,60,CA,2.463,0.248
A,HIS,60,C,2.888,0.248
A,HIS,60,O,2.630,0.248
A,HIS,60,CB,0.000,0.248
A,HIS,60,CG,0.000,0.248
A,HIS,60,ND1,7.919,0.248
A,HIS,60,CD2,0.000,0.248
A,HIS,60,CE1,25.864,0.248
A,HIS,60,NE2,1.138,0.248
A,PRO,61,N,0.413,0.727
A,PRO,61,CA,8.419,0.727
A,PRO,61,C,0.000,0.727
A,PRO,61,O,2.230,0.727
A,PRO,61,CB,34.284,0.727
A,PRO,61,CG,28.125,0.727
A,PRO,61,CD,25.517,0.727
A,ASN,62,N,0.000,0.063
A,ASN,62,CA,0.000,0.063
A,ASN,62,C,0.000,0.063
A,ASN,62,O,0.000,0.063
A,ASN,62,CB,0.000,0.063
A,ASN,62,CG,0.000,0.063
A,ASN,62,OD1,5.107,0.063
A,ASN,62,ND2,3.960,0.063
A,ILE,63,N,0.000,0.082
A,ILE,63,CA,0.000,0.082
A,ILE,63,C,0.000,0.082
A,ILE,63,O,3.231,0.082
A,ILE,63,CB,0.000,0.082
A,ILE,63,CG1,0.000,0.082
A,ILE,63,CG2,11.123,0.082
A,ILE,63,CD1,0.000,0.082
A,VAL,64,N,0.000,0.083
A,VAL,64,CA,0.000,0.083
A,VAL,64,C,0.000,0.083
A,VAL,64,O,8.502,0.083
A,VAL,64,CB,0.726,0.083
A,VAL,64,CG1,3.405,0.083
A,VAL,64,CG2,0.000,0.083
A,LYS,65,N,0.000,0.345
A,LYS,65,CA,2.200,0.345
A,LYS,65,C,0.000,0.345
A,LYS,65,O,0.000,0.345
A,LYS,65,CB,9.401,0.345
A,LYS,65,CG,3.856,0.345
A,LYS,65,CD,14.536,0.345
A,LYS,65,CE,31.168,0.345
A,LYS,65,NZ,8.183,0.345
A,LEU,66,N,2.384,0.104
A,LEU,66,CA,0.297,0.104
A,LEU,66,C,0.000,0.104
A,LEU,66,O,0.079,0.104
A,LEU,66,CB,8.890,0.104
A,LEU,66,CG,0.000,0.104
A,LEU,66,CD1,3.667,0.104
A,LEU,66,CD2,3.324,0.104
A,LEU,67,N,0.000,0.423
A,LEU,67,CA,0.886,0.423
A,LEU,67,C,0.000,0.423
A,LEU,67,O,17.682,0.423
A,LEU,67,CB,6.828,0.423
A,LEU,67,CG,0.000,0.423
A,LEU,67,CD1,12.940,0.423
A,LEU,67,CD2,37.248,0.423
A,ASP,68,N,0.000,0.343
A,ASP,68,CA,0.000,0.343
A,ASP,68,C,0.000,0.343
A,ASP,68,O,0.000,0.343
A,ASP,68,CB,8.382,0.343
A,ASP,68,CG,8.324,0.343
A,ASP,68,OD1,10.804,0.343
A,ASP,68,OD2,20.693,0.343
A,VAL,69,N,0.001,0.124
A,VAL,69,CA,0.000,0.124
A,VAL,69,C,0.001,0.124
A,VAL,69,O,17.249,0.124
A,VAL,69,CB,0.695,0.124
A,VAL,69,CG1,0.902,0.124
A,VAL,69,CG2,0.000,0.124
A,ILE,70,N,0.000,0.168
A,ILE,70,CA,2.418,0.168
A,ILE,70,C,0.000,0.168
A,ILE,70,O,0.000,0.168
A,ILE,70,CB,0.000,0.168
A,ILE,70,CG1,9.718,0.168
A,ILE,70,CG2,8.900,0.168
A,ILE,70,CD1,8.408,0.168
A,HIS,71,N,6.879,0.509
A,HIS,71,CA,0.000,0.509
A,HIS,71,C,0.000,0.509
A,HIS,71,O,21.053,0.509
A,HIS,71,CB,10.663,0.509
A,HIS,71,CG,0.000,0.509
A,HIS,71,ND1,0.000,0.509
A,HIS,71,CD2,25.547,0.509
A,HIS,71,CE1,2.230,0.509
A,HIS,71,NE2,26.740,0.509
A,THR,72,N,0.000,0.320
A,THR,72,CA,3.584,0.320
A,THR,72,C,0.000,0.320
A,THR,72,O,0.000,0.320
A,THR,72,CB,7.972,0.320
A,THR,72,OG1,1.201,0.320
A,THR,72,CG2,31.747,0.320
A,GLU,73,N,11.117,0.825
A,GLU,73,CA,14.616,0.825
A,GLU,73,C,1.429,0.825
A,GLU,73,O,5.080,0.825
A,GLU,73,CB,27.582,0.825
A,GLU,73,CG,4.596,0.825
A,GLU,73,CD,11.087,0.825
A,GLU,73,OE1,39.108,0.825
A,GLU,73,OE2,27.556,0.825
A,ASN,74,N,4.126,0.542
A,ASN,74,CA,0.585,0.542
A,ASN,74,C,0.000,0.542
A,ASN,74,O,0.288,0.542
A,ASN,74,CB,16.516,0.542
A,ASN,74,CG,5.489,0.542
A,ASN,74,OD1,30.963,0.542
A,ASN,74,ND2,20.063,0.542
A,LYS,75,N,0.000,0.270
A,LYS,75,CA,0.000,0.270
A,LYS,75,C,0.000,0.270
A,LYS,75,O,0.000,0.270
A,LYS,75,CB,0.000,0.270
A,LYS,75,CG,5.403,0.270
A,LYS,75,CD,14.984,0.270
A,LYS,75,CE,8.455,0.270
A,LYS,75,NZ,25.326,0.270
A,LEU,76,N,0.000,0.000
A,LEU,76,CA,0.000,0.000
A,LEU,76,C,0.000,0.000
A,LEU,76,O,0.000,0.000
A,LEU,76,CB,0.000,0.000
A,LEU,76,CG,0.000,0.000
A,LEU,76,CD1,0.000,0.000
A,LEU,76,CD2,0.000,0.000
A,TYR,77,N,0.000,0.123
A,TYR,77,CA,0.000,0.123
A,TYR,77,C,0.000,0.123
A,TYR,77,O,0.000,0.123
A,TYR,77,CB,0.000,0.123
A,TYR,77,CG,0.000,0.123
A,TYR,77,CD1,0.000,0.123
A,TYR,77,CD2,0.000,0.123
A,TYR,77,CE1,0.735,0.123
A,TYR,77,CE2,7.704,0.123
A,TYR,77,CZ,0.657,0.123
A,TYR,77,OH,17.162,0.123
A,LEU,78,N,0.000,0.035
A,LEU,78,CA,0.000,0.035
A,LEU,78,C,0.000,0.035
A,LEU,78,O,0.000,0.035
A,LEU,78,CB,0.008,0.035
A,LEU,78,CG,0.000,0.035
A,LEU,78,CD1,6.288,0.035
A,LEU,78,CD2,0.000,0.035
A,VAL,79,N,0.000,0.017
A,VAL,79,CA,0.000,0.017
A,VAL,79,C,0.000,0.017
A,VAL,79,O,0.000,0.017
A,VAL,79,CB,0.000,0.017
A,VAL,79,CG1,2.632,0.017
A,VAL,79,CG2,0.000,0.017
A,PHE,80,N,0.000,0.105
A,PHE,80,CA,0.000,0.105
A,PHE,80,C,0.000,0.105
A,PHE,80,O,0.000,0.105
A,PHE,80,CB,3.239,0.105
A,PHE,80,CG,2.053,0.105
A,PHE,80,CD1,1.707,0.105
A,PHE,80,CD2,1.533,0.105
A,PHE,80,CE1,0.646,0.105
A,PHE,80,CE2,7.162,0.105
A,PHE,80,CZ,4.682,0.105
A,GLU,81,N,0.000,0.232
A,GLU,81,CA,3.850,0.232
A,GLU,81,C,0.000,0.232
A,GLU,81,O,0.280,0.232
A,GLU,81,CB,3.772,0.232
A,GLU,81,CG,10.880,0.232
A,GLU,81,CD,6.841,0.232
A,GLU,81,OE1,3.118,0.232
A,GLU,81,OE2,11.269,0.232
A,PHE,82,N,3.153,0.260
A,PHE,82,CA,0.000,0.260
A,PHE,82,C,0.000,0.260
A,PHE,82,O,18.611,0.260
A,PHE,82,CB,1.573,0.260
A,PHE,82,CG,0.000,0.260
A,PHE,82,CD1,0.896,0.260
A,PHE,82,CD2,4.775,0.260
A,PHE,82,CE1,1.291,0.260
A,PHE,82,CE2,13.884,0.260
A,PHE,82,CZ,7.729,0.260
A,LEU,83,N,2.286,0.094
A,LEU,83,CA,1.590,0.094
A,LEU,83,C,0.000,0.094
A,LEU,83,O,11.179,0.094
A,LEU,83,CB,0.000,0.094
A,LEU,83,CG,0.874,0.094
A,LEU,83,CD1,0.000,0.094
A,LEU,83,CD2,0.932,0.094
A,HIS,84,N,1.978,0.535
A,HIS,84,CA,0.289,0.535
A,HIS,84,C,0.577,0.535
A,HIS,84,O,29.574,0.535
A,HIS,84,CB,24.789,0.535
A,HIS,84,CG,0.303,0.535
A,HIS,84,ND1,0.948,0.535
A,HIS,84,CD2,24.929,0.535
A,HIS,84,CE1,0.000,0.535
A,HIS,84,NE2,14.435,0.535
A,GLN,85,N,0.000,0.254
A,GLN,85,CA,5.246,0.254
A,GLN,85,C,0.859,0.254
A,GLN,85,O,0.000,0.254
A,GLN,85,CB,0.594,0.254
A,GLN,85,CG,1.552,0.254
A,GLN,85,CD,2.611,0.254
A,GLN,85,OE1,20.932,0.254
A,GLN,85,NE2,13.502,0.254
A,ASP,86,N,1.165,0.190
A,ASP,86,CA,0.000,0.190
A,ASP,86,C,0.000,0.190
A,ASP,86,O,0.000,0.190
A,ASP,86,CB,1.301,0.190
A,ASP,86,CG,0.000,0.190
A,ASP,86,OD1,0.004,0.190
A,ASP,86,OD2,24.255,0.190
A,LEU,87,N,0.000,0.000
A,LEU,87,CA,0.000,0.000
A,LEU,87,C,0.000,0.000
A,LEU,87,O,0.000,0.000
A,LEU,87,CB,0.000,0.000
A,LEU,87,CG,0.000,0.000
A,LEU,87,CD1,0.000,0.000
A,LEU,87,CD2,0.000,0.000
A,LYS,88,N,0.000,0.477
A,LYS,88,CA,2.009,0.477
A,LYS,88,C,0.000,0.477
A,LYS,88,O,0.548,0.477
A,LYS,88,CB,0.000,0.477
A,LYS,88,CG,10.877,0.477
A,LYS,88,CD,8.452,0.477
A,LYS,88,CE,36.169,0.477
A,LYS,88,NZ,37.638,0.477
A,LYS,89,N,0.000,0.587
A,LYS,89,CA,0.142,0.587
A,LYS,89,C,0.000,0.587
A,LYS,89,O,2.055,0.587
A,LYS,89,CB,1.869,0.587
A,LYS,89,CG,9.492,0.587
A,LYS,89,CD,19.358,0.587
A,LYS,89,CE,42.168,0.587
A,LYS,89,NZ,42.697,0.587
A,PHE,90,N,0.000,0.124
A,PHE,90,CA,0.000,0.124
A,PHE,90,C,0.000,0.124
A,PHE,90,O,0.000,0.124
A,PHE,90,CB,0.000,0.124
A,PHE,90,CG,0.000,0.124
A,PHE,90,CD1,3.088,0.124
A,PHE,90,CD2,0.000,0.124
A,PHE,90,CE1,15.562,0.124
A,PHE,90,CE2,0.000,0.124
A,PHE,90,CZ,6.131,0.124
A,MET,91,N,0.000,0.071
A,MET,91,CA,0.255,0.071
A,MET,91,C,1.448,0.071
A,MET,91,O,3.668,0.071
A,MET,91,CB,7.100,0.071
A,MET,91,CG,0.000,0.071
A,MET,91,SD,0.941,0.071
A,MET,91,CE,0.446,0.071
A,ASP,92,N,0.000,0.656
A,ASP,92,CA,6.524,0.656
A,ASP,92,C,1.385,0.656
A,ASP,92,O,14.091,0.656
A,ASP,92,CB,18.772,0.656
A,ASP,92,CG,7.789,0.656
A,ASP,92,OD1,27.506,0.656
A,ASP,92,OD2,16.037,0.656
A,ALA,93,N,0.197,0.789
A,ALA,93,CA,10.898,0.789
A,ALA,93,C,1.337,0.789
A,ALA,93,O,28.938,0.789
A,ALA,93,CB,43.767,0.789
A,SER,94,N,0.000,0.120
A,SER,94,CA,4.125,0.120
A,SER,94,C,0.000,0.120
A,SER,94,O,0.004,0.120
A,SER,94,CB,3.791,0.120
A,SER,94,OG,6.083,0.120
A,ALA,95,N,0.367,0.535
A,ALA,95,CA,0.000,0.535
A,ALA,95,C,1.148,0.535
A,ALA,95,O,10.441,0.535
A,ALA,95,CB,45.836,0.535
A,LEU,96,N,1.763,0.926
A,LEU,96,CA,7.483,0.926
A,LEU,96,C,3.578,0.926
A,LEU,96,O,21.019,0.926
A,LEU,96,CB,23.914,0.926
A,LEU,96,CG,10.116,0.926
A,LEU,96,CD1,29.238,0.926
A,LEU,96,CD2,68.282,0.926
A,THR,97,N,0.129,0.829
A,THR,97,CA,6.334,0.829
A,THR,97,C,4.145,0.829
A,THR,97,O,27.350,0.829
A,THR,97,CB,10.914,0.829
A,THR,97,OG1,15.272,0.829
A,THR,97,CG2,51.278,0.829
A,GLY,98,N,0.231,0.170
A,GLY,98,CA,7.094,0.170
A,GLY,98,C,0.149,0.170
A,GLY,98,O,6.168,0.170
A,ILE,99,N,2.306,0.059
A,ILE,99,CA,0.361,0.059
A,ILE,99,C,0.747,0.059
A,ILE,99,O,6.629,0.059
A,ILE,99,CB,0.000,0.059
A,ILE,99,CG1,0.209,0.059
A,ILE,99,CG2,0.023,0.059
A,ILE,99,CD1,0.000,0.059
A,PRO,100,N,0.408,0.607
A,PRO,100,CA,11.237,0.607
A,PRO,100,C,0.000,0.607
A,PRO,100,O,0.000,0.607
A,PRO,100,CB,17.430,0.607
A,PRO,100,CG,41.865,0.607
A,PRO,100,CD,11.638,0.607
A,LEU,101,N,2.730,0.479
A,LEU,101,CA,0.093,0.479
A,LEU,101,C,0.387,0.479
A,LEU,101,O,1.028,0.479
A,LEU,101,CB,13.924,0.479
A,LEU,101,CG,5.360,0.479
A,LEU,101,CD1,14.324,0.479
A,LEU,101,CD2,47.792,0.479
A,PRO,102,N,0.050,0.488
A,PRO,102,CA,5.047,0.488
A,PRO,102,C,0.000,0.488
A,PRO,102,O,0.187,0.488
A,PRO,102,CB,7.544,0.488
A,PRO,102,CG,42.968,0.488
A,PRO,102,CD,10.604,0.488
A,LEU,103,N,0.016,0.015
A,LEU,103,CA,0.000,0.015
A,LEU,103,C,0.000,0.015
A,LEU,103,O,0.000,0.015
A,LEU,103,CB,0.160,0.015
A,LEU,103,CG,1.196,0.015
A,LEU,103,CD1,1.301,0.015
A,LEU,103,CD2,0.000,0.015
A,ILE,104,N,0.000,0.019
A,ILE,104,CA,0.000,0.019
A,ILE,104,C,0.000,0.019
A,ILE,104,O,0.000,0.019
A,ILE,104,CB,0.000,0.019
A,ILE,104,CG1,0.000,0.019
A,ILE,104,CG2,2.075,0.019
A,ILE,104,CD1,1.329,0.019
A,LYS,105,N,0.062,0.112
A,LYS,105,CA,0.000,0.112
A,LYS,105,C,0.000,0.112
A,LYS,105,O,0.000,0.112
A,LYS,105,CB,0.120,0.112
A,LYS,105,CG,0.000,0.112
A,LYS,105,CD,3.176,0.112
A,LYS,105,CE,10.046,0.112
A,LYS,105,NZ,9.029,0.112
A,SER,106,N,0.000,0.019
A,SER,106,CA,0.424,0.019
A,SER,106,C,0.000,0.019
A,SER,106,O,0.000,0.019
A,SER,106,CB,0.000,0.019
A,SER,106,OG,1.808,0.019
A,TYR,107,N,0.000,0.000
A,TYR,107,CA,0.000,0.000
A,TYR,107,C,0.000,0.000
A,TYR,107,O,0.000,0.000
A,TYR,107,CB,0.000,0.000
A,TYR,107,CG,0.000,0.000
A,TYR,107,CD1,0.000,0.000
A,TYR,107,CD2,0.000,0.000
A,TYR,107,CE1,0.000,0.000
A,TYR,107,CE2,0.000,0.000
A,TYR,107,CZ,0.000,0.000
A,TYR,107,OH,0.000,0.000
A,LEU,108,N,0.000,0.000
A,LEU,108,CA,0.000,0.000
A,LEU,108,C,0.000,0.000
A,LEU,108,O,0.000,0.000
A,LEU,108,CB,0.000,0.000
A,LEU,108,CG,0.000,0.000
A,LEU,108,CD1,0.000,0.000
A,LEU,108,CD2,0.000,0.000
A,PHE,109,N,0.000,0.231
A,PHE,109,CA,0.000,0.231
A,PHE,109,C,0.000,0.231
A,PHE,109,O,0.000,0.231
A,PHE,109,CB,0.000,0.231
A,PHE,109,CG,0.000,0.231
A,PHE,109,CD1,0.000,0.231
A,PHE,109,CD2,6.872,0.231
A,PHE,109,CE1,4.251,0.231
A,PHE,109,CE2,15.183,0.231
A,PHE,109,CZ,19.828,0.231
A,GLN,110,N,0.000,0.073
A,GLN,110,CA,0.000,0.073
A,GLN,110,C,0.000,0.073
A,GLN,110,O,0.000,0.073
A,GLN,110,CB,0.000,0.073
A,GLN,110,CG,10.871,0.073
A,GLN,110,CD,0.202,0.073
A,GLN,110,OE1,1.872,0.073
A,GLN,110,NE2,0.000,0.073
A,LEU,111,N,0.000,0.000
A,LEU,111,CA,0.000,0.000
A,LEU,111,C,0.000,0.000
A,LEU,111,O,0.000,0.000
A,LEU,111,CB,0.000,0.000
A,LEU,111,CG,0.000,0.000
A,LEU,111,CD1,0.000,0.000
A,LEU,111,CD2,0.000,0.000
A,LEU,112,N,0.000,0.000
A,LEU,112,CA,0.000,0.000
A,LEU,112,C,0.000,0.000
A,LEU,112,O,0.000,0.000
A,LEU,112,CB,0.000,0.000
A,LEU,112,CG,0.000,0.000
A,LEU,112,CD1,0.000,0.000
A,LEU,112,CD2,0.000,0.000
A,GLN,113,N,0.000,0.314
A,GLN,113,CA,1.122,0.314
A,GLN,113,C,0.000,0.314
A,GLN,113,O,2.106,0.314
A,GLN,113,CB,3.417,0.314
A,GLN,113,CG,0.000,0.314
A,GLN,113,CD,2.426,0.314
A,GLN,113,OE1,11.208,0.314
A,GLN,113,NE2,35.831,0.314
A,GLY,114,N,0.000,0.000
A,GLY,114,CA,0.000,0.000
A,GLY,114,C,0.000,0.000
A,GLY,114,O,0.000,0.000
A,LEU,115,N,0.000,0.000
A,LEU,115,CA,0.000,0.000
A,LEU,115,C,0.000,0.000
A,LEU,115,O,0.000,0.000
A,LEU,115,CB,0.000,0.000
A,LEU,115,CG,0.000,0.000
A,LEU,115,CD1,0.000,0.000
A,LEU,115,CD2,0.000,0.000
A,ALA,116,N,0.000,0.055
A,ALA,116,CA,1.469,0.055
A,ALA,116,C,0.000,0.055
A,ALA,116,O,1.050,0.055
A,ALA,116,CB,3.417,0.055
A,PHE,117,N,0.268,0.229
A,PHE,117,CA,3.352,0.229
A,PHE,117,C,0.000,0.229
A,PHE,117,O,0.000,0.229
A,PHE,117,CB,1.201,0.229
A,PHE,117,CG,0.000,0.229
A,PHE,117,CD1,12.687,0.229
A,PHE,117,CD2,0.000,0.229
A,PHE,117,CE1,20.463,0.229
A,PHE,117,CE2,0.000,0.229
A,PHE,117,CZ,7.702,0.229
A,CYS,118,N,0.000,0.001
A,CYS,118,CA,0.000,0.001
A,CYS,118,C,0.000,0.001
A,CYS,118,O,0.000,0.001
A,CYS,118,CB,0.000,0.001
A,CYS,118,SG,0.078,0.001
A,HIS,119,N,0.000,0.165
A,HIS,119,CA,0.000,0.165
A,HIS,119,C,1.430,0.165
A,HIS,119,O,8.944,0.165
A,HIS,119,CB,15.046,0.165
A,HIS,119,CG,0.000,0.165
A,HIS,119,ND1,4.745,0.165
A,HIS,119,CD2,0.000,0.165
A,HIS,119,CE1,0.087,0.165
A,HIS,119,NE2,0.000,0.165
A,SER,120,N,0.845,0.599
A,SER,120,CA,13.483,0.599
A,SER,120,C,0.043,0.599
A,SER,120,O,24.310,0.599
A,SER,120,CB,26.652,0.599
A,SER,120,OG,4.440,0.599
A,HIS,121,N,0.000,0.546
A,HIS,121,CA,5.439,0.546
A,HIS,121,C,1.153,0.546
A,HIS,121,O,15.955,0.546
A,HIS,121,CB,5.533,0.546
A,HIS,121,CG,0.078,0.546
A,HIS,121,ND1,0.000,0.546
A,HIS,121,CD2,31.826,0.546
A,HIS,121,CE1,9.230,0.546
A,HIS,121,NE2,30.597,0.546
A,ARG,122,N,0.000,0.891
A,ARG,122,CA,0.710,0.891
A,ARG,122,C,0.305,0.891
A,ARG,122,O,18.434,0.891
A,ARG,122,CB,16.666,0.891
A,ARG,122,CG,12.902,0.891
A,ARG,122,CD,32.050,0.891
A,ARG,122,NE,19.017,0.891
A,ARG,122,CZ,6.211,0.891
A,ARG,122,NH1,46.291,0.891
A,ARG,122,NH2,60.132,0.891
A,VAL,123,N,0.000,0.150
A,VAL,123,CA,3.664,0.150
A,VAL,123,C,0.000,0.150
A,VAL,123,O,0.000,0.150
A,VAL,123,CB,0.000,0.150
A,VAL,123,CG1,4.077,0.150
A,VAL,123,CG2,14.930,0.150
A,LEU,124,N,4.046,0.290
A,LEU,124,CA,0.000,0.290
A,LEU,124,C,0.339,0.290
A,LEU,124,O,3.941,0.290
A,LEU,124,CB,7.934,0.290
A,LEU,124,CG,0.000,0.290
A,LEU,124,CD1,18.547,0.290
A,LEU,124,CD2,17.018,0.290
A,HIS,125,N,0.000,0.030
A,HIS,125,CA,0.000,0.030
A,HIS,125,C,0.345,0.030
A,HIS,125,O,0.330,0.030
A,HIS,125,CB,0.000,0.030
A,HIS,125,CG,0.000,0.030
A,HIS,125,ND1,0.010,0.030
A,HIS,125,CD2,0.000,0.030
A,HIS,125,CE1,4.829,0.030
A,HIS,125,NE2,0.000,0.030
A,ARG,126,N,0.000,0.165
A,ARG,126,CA,0.068,0.165
A,ARG,126,C,0.033,0.165
A,ARG,126,O,2.460,0.165
A,ARG,126,CB,2.476,0.165
A,ARG,126,CG,7.199,0.165
A,ARG,126,CD,10.115,0.165
A,ARG,126,NE,0.000,0.165
A,ARG,126,CZ,0.000,0.165
A,ARG,126,NH1,16.927,0.165
A,ARG,126,NH2,0.000,0.165
A,ASP,127,N,0.000,0.086
A,ASP,127,CA,1.875,0.086
A,ASP,127,C,0.000,0.086
A,ASP,127,O,0.544,0.086
A,ASP,127,CB,2.577,0.086
A,ASP,127,CG,0.804,0.086
A,ASP,127,OD1,2.991,0.086
A,ASP,127,OD2,3.349,0.086
A,LEU,128,N,0.263,0.005
A,LEU,128,CA,0.000,0.005
A,LEU,128,C,0.000,0.005
A,LEU,128,O,0.598,0.005
A,LEU,128,CB,0.000,0.005
A,LEU,128,CG,0.000,0.005
A,LEU,128,CD1,0.000,0.005
A,LEU,128,CD2,0.000,0.005
A,LYS,129,N,0.000,0.051
A,LYS,129,CA,0.000,0.051
A,LYS,129,C,0.000,0.051
A,LYS,129,O,0.000,0.051
A,LYS,129,CB,0.000,0.051
A,LYS,129,CG,0.441,0.051
A,LYS,129,CD,1.609,0.051
A,LYS,129,CE,7.597,0.051
A,LYS,129,NZ,0.516,0.051
A,PRO,130,N,0.000,0.014
A,PRO,130,CA,0.000,0.014
A,PRO,130,C,0.000,0.014
A,PRO,130,O,0.000,0.014
A,PRO,130,CB,0.464,0.014
A,PRO,130,CG,1.305,0.014
A,PRO,130,CD,0.096,0.014
A,GLN,131,N,0.000,0.403
A,GLN,131,CA,0.000,0.403
A,GLN,131,C,0.542,0.403
A,GLN,131,O,12.627,0.403
A,GLN,131,CB,16.176,0.403
A,GLN,131,CG,9.095,0.403
A,GLN,131,CD,0.124,0.403
A,GLN,131,OE1,5.319,0.403
A,GLN,131,NE2,28.129,0.403
A,ASN,132,N,0.000,0.089
A,ASN,132,CA,1.932,0.089
A,ASN,132,C,0.000,0.089
A,ASN,132,O,0.000,0.089
A,ASN,132,CB,3.476,0.089
A,ASN,132,CG,0.000,0.089
A,ASN,132,OD1,0.000,0.089
A,ASN,132,ND2,7.383,0.089
A,LEU,133,N,0.000,0.000
A,LEU,133,CA,0.000,0.000
A,LEU,133,C,0.000,0.000
A,LEU,133,O,0.000,0.000
A,LEU,133,CB,0.000,0.000
A,LEU,133,CG,0.000,0.000
A,LEU,133,CD1,0.000,0.000
A,LEU,133,CD2,0.000,0.000
A,LEU,134,N,0.000,0.138
A,LEU,134,CA,0.000,0.138
A,LEU,134,C,0.000,0.138
A,LEU,134,O,0.000,0.138
A,LEU,134,CB,0.000,0.138
A,LEU,134,CG,0.000,0.138
A,LEU,134,CD1,10.223,0.138
A,LEU,134,CD2,14.392,0.138
A,ILE,135,N,0.000,0.002
A,ILE,135,CA,0.000,0.002
A,ILE,135,C,0.000,0.002
A,ILE,135,O,0.000,0.002
A,ILE,135,CB,0.000,0.002
A,ILE,135,CG1,0.000,0.002
A,ILE,135,CG2,0.000,0.002
A,ILE,135,CD1,0.331,0.002
A,ASN,136,N,0.000,0.217
A,ASN,136,CA,0.000,0.217
A,ASN,136,C,0.000,0.217
A,ASN,136,O,0.000,0.217
A,ASN,136,CB,15.008,0.217
A,ASN,136,CG,0.024,0.217
A,ASN,136,OD1,0.000,0.217
A,ASN,136,ND2,16.251,0.217
A,THR,137,N,0.340,0.659
A,THR,137,CA,0.035,0.659
A,THR,137,C,0.000,0.659
A,THR,137,O,9.459,0.659
A,THR,137,CB,17.434,0.659
A,THR,137,OG1,22.348,0.659
A,THR,137,CG2,42.184,0.659
A,GLU,138,N,0.000,0.738
A,GLU,138,CA,1.618,0.738
A,GLU,138,C,0.000,0.738
A,GLU,138,O,8.293,0.738
A,GLU,138,CB,11.294,0.738
A,GLU,138,CG,18.413,0.738
A,GLU,138,CD,12.009,0.738
A,GLU,138,OE1,40.650,0.738
A,GLU,138,OE2,34.823,0.738
A,GLY,139,N,0.000,0.000
A,GLY,139,CA,0.000,0.000
A,GLY,139,C,0.000,0.000
A,GLY,139,O,0.000,0.000
A,ALA,140,N,0.000,0.135
A,ALA,140,CA,0.000,0.135
A,ALA,140,C,0.000,0.135
A,ALA,140,O,0.000,0.135
A,ALA,140,CB,14.603,0.135
A,ILE,141,N,0.000,0.000
A,ILE,141,CA,0.000,0.000
A,ILE,141,C,0.000,0.000
A,ILE,141,O,0.000,0.000
A,ILE,141,CB,0.000,0.000
A,ILE,141,CG1,0.000,0.000
A,ILE,141,CG2,0.000,0.000
A,ILE,141,CD1,0.000,0.000
A,LYS,142,N,0.000,0.136
A,LYS,142,CA,0.000,0.136
A,LYS,142,C,0.000,0.136
A,LYS,142,O,0.000,0.136
A,LYS,142,CB,0.000,0.136
A,LYS,142,CG,0.000,0.136
A,LYS,142,CD,0.000,0.136
A,LYS,142,CE,4.386,0.136
A,LYS,142,NZ,22.990,0.136
A,LEU,143,N,0.000,0.008
A,LEU,143,CA,0.000,0.008
A,LEU,143,C,0.000,0.008
A,LEU,143,O,1.480,0.008
A,LEU,143,CB,0.000,0.008
A,LEU,143,CG,0.000,0.008
A,LEU,143,CD1,0.000,0.008
A,LEU,143,CD2,0.000,0.008
A,ALA,144,N,0.000,0.082
A,ALA,144,CA,1.575,0.082
A,ALA,144,C,0.000,0.082
A,ALA,144,O,0.000,0.082
A,ALA,144,CB,7.247,0.082
A,ASP,145,N,9.357,0.252
A,ASP,145,CA,1.267,0.252
A,ASP,145,C,0.000,0.252
A,ASP,145,O,2.240,0.252
A,ASP,145,CB,2.346,0.252
A,ASP,145,CG,0.048,0.252
A,ASP,145,OD1,6.392,0.252
A,ASP,145,OD2,13.742,0.252
A,PHE,146,N,3.092,0.060
A,PHE,146,CA,0.000,0.060
A,PHE,146,C,0.000,0.060
A,PHE,146,O,3.175,0.060
A,PHE,146,CB,5.778,0.060
A,PHE,146,CG,0.000,0.060
A,PHE,146,CD1,0.000,0.060
A,PHE,146,CD2,0.000,0.060
A,PHE,146,CE1,0.000,0.060
A,PHE,146,CE2,0.000,0.060
A,PHE,146,CZ,0.000,0.060
A,GLY,147,N,0.000,0.108
A,GLY,147,CA,3.228,0.108
A,GLY,147,C,0.000,0.108
A,GLY,147,O,5.444,0.108
A,LEU,148,N,0.000,0.038
A,LEU,148,CA,0.000,0.038
A,LEU,148,C,0.000,0.038
A,LEU,148,O,0.000,0.038
A,LEU,148,CB,0.040,0.038
A,LEU,148,CG,0.000,0.038
A,LEU,148,CD1,6.770,0.038
A,LEU,148,CD2,0.000,0.038
A,ALA,149,N,0.319,0.121
A,ALA,149,CA,0.000,0.121
A,ALA,149,C,0.921,0.121
A,ALA,149,O,6.990,0.121
A,ALA,149,CB,4.838,0.121
A,ARG,150,N,0.840,0.796
A,ARG,150,CA,7.262,0.796
A,ARG,150,C,4.444,0.796
A,ARG,150,O,2.909,0.796
A,ARG,150,CB,25.004,0.796
A,ARG,150,CG,8.937,0.796
A,ARG,150,CD,26.059,0.796
A,ARG,150,NE,0.514,0.796
A,ARG,150,CZ,6.316,0.796
A,ARG,150,NH1,50.864,0.796
A,ARG,150,NH2,56.901,0.796
A,ALA,151,N,3.432,0.419
A,ALA,151,CA,11.962,0.419
A,ALA,151,C,1.668,0.419
A,ALA,151,O,27.279,0.419
A,ALA,151,CB,0.866,0.419
A,PHE,152,N,0.000,0.291
A,PHE,152,CA,3.923,0.291
A,PHE,152,C,2.481,0.291
A,PHE,152,O,28.088,0.291
A,PHE,152,CB,6.066,0.291
A,PHE,152,CG,0.655,0.291
A,PHE,152,CD1,15.070,0.291
A,PHE,152,CD2,0.000,0.291
A,PHE,152,CE1,1.834,0.291
A,PHE,152,CE2,0.000,0.291
A,PHE,152,CZ,0.000,0.291
A,GLY,153,N,0.848,0.435
A,GLY,153,CA,29.001,0.435
A,GLY,153,C,2.413,0.435
A,GLY,153,O,2.597,0.435
A,VAL,154,N,3.216,0.208
A,VAL,154,CA,0.000,0.208
A,VAL,154,C,1.358,0.208
A,VAL,154,O,21.620,0.208
A,VAL,154,CB,1.392,0.208
A,VAL,154,CG1,3.064,0.208
A,VAL,154,CG2,0.830,0.208
A,PRO,155,N,0.106,0.391
A,PRO,155,CA,9.118,0.391
A,PRO,155,C,1.642,0.391
A,PRO,155,O,0.255,0.391
A,PRO,155,CB,27.069,0.391
A,PRO,155,CG,11.658,0.391
A,PRO,155,CD,3.337,0.391
A,VAL,156,N,4.119,0.632
A,VAL,156,CA,5.419,0.632
A,VAL,156,C,0.000,0.632
A,VAL,156,O,0.625,0.632
A,VAL,156,CB,14.376,0.632
A,VAL,156,CG1,33.151,0.632
A,VAL,156,CG2,37.955,0.632
A,ARG,157,N,0.000,0.545
A,ARG,157,CA,0.000,0.545
A,ARG,157,C,0.000,0.545
A,ARG,157,O,2.963,0.545
A,ARG,157,CB,0.000,0.545
A,ARG,157,CG,12.837,0.545
A,ARG,157,CD,31.963,0.545
A,ARG,157,NE,9.526,0.545
A,ARG,157,CZ,5.346,0.545
A,ARG,157,NH1,31.143,0.545
A,ARG,157,NH2,36.280,0.545
A,THR,158,N,0.000,0.084
A,THR,158,CA,0.000,0.084
A,THR,158,C,2.875,0.084
A,THR,158,O,6.972,0.084
A,THR,158,CB,0.000,0.084
A,THR,158,OG1,0.000,0.084
A,THR,158,CG2,1.908,0.084
A,TYR,159,N,0.445,0.335
A,TYR,159,CA,10.005,0.335
A,TYR,159,C,0.000,0.335
A,TYR,159,O,13.700,0.335
A,TYR,159,CB,18.950,0.335
A,TYR,159,CG,0.000,0.335
A,TYR,159,CD1,0.000,0.335
A,TYR,159,CD2,17.063,0.335
A,TYR,159,CE1,0.000,0.335
A,TYR,159,CE2,11.028,0.335
A,TYR,159,CZ,0.000,0.335
A,TYR,159,OH,0.160,0.335
A,THR,160,N,0.000,0.419
A,THR,160,CA,3.685,0.419
A,THR,160,C,0.294,0.419
A,THR,160,O,16.845,0.419
A,THR,160,CB,6.534,0.419
A,THR,160,OG1,0.000,0.419
A,THR,160,CG2,31.038,0.419
A,HIS,161,N,0.000,0.754
A,HIS,161,CA,0.000,0.754
A,HIS,161,C,1.760,0.754
A,HIS,161,O,12.822,0.754
A,HIS,161,CB,21.108,0.754
A,HIS,161,CG,2.451,0.754
A,HIS,161,ND1,21.936,0.754
A,HIS,161,CD2,14.010,0.754
A,HIS,161,CE1,41.137,0.754
A,HIS,161,NE2,22.613,0.754
A,GLU,162,N,0.000,0.441
A,GLU,162,CA,10.996,0.441
A,GLU,162,C,0.000,0.441
A,GLU,162,O,0.000,0.441
A,GLU,162,CB,14.817,0.441
A,GLU,162,CG,18.178,0.441
A,GLU,162,CD,6.883,0.441
A,GLU,162,OE1,4.858,0.441
A,GLU,162,OE2,20.236,0.441
A,VAL,163,N,5.825,0.820
A,VAL,163,CA,0.000,0.820
A,VAL,163,C,0.000,0.820
A,VAL,163,O,20.611,0.820
A,VAL,163,CB,10.239,0.820
A,VAL,163,CG1,38.801,0.820
A,VAL,163,CG2,48.660,0.820
A,VAL,164,N,0.000,0.122
A,VAL,164,CA,3.163,0.122
A,VAL,164,C,0.000,0.122
A,VAL,164,O,6.985,0.122
A,VAL,164,CB,1.634,0.122
A,VAL,164,CG1,0.776,0.122
A,VAL,164,CG2,5.883,0.122
A,THR,165,N,1.145,0.184
A,THR,165,CA,1.535,0.184
A,THR,165,C,0.000,0.184
A,THR,165,O,1.574,0.184
A,THR,165,CB,0.146,0.184
A,THR,165,OG1,20.512,0.184
A,THR,165,CG2,0.770,0.184
A,LEU,166,N,0.935,0.180
A,LEU,166,CA,0.000,0.180
A,LEU,166,C,0.000,0.180
A,LEU,166,O,0.000,0.180
A,LEU,166,CB,0.483,0.180
A,LEU,166,CG,4.440,0.180
A,LEU,166,CD1,23.675,0.180
A,LEU,166,CD2,2.623,0.180
A,TRP,167,N,0.000,0.385
A,TRP,167,CA,0.000,0.385
A,TRP,167,C,0.000,0.385
A,TRP,167,O,1.162,0.385
A,TRP,167,CB,0.195,0.385
A,TRP,167,CG,0.000,0.385
A,TRP,167,CD1,0.293,0.385
A,TRP,167,CD2,0.000,0.385
A,TRP,167,NE1,10.488,0.385
A,TRP,167,CE2,1.131,0.385
A,TRP,167,CE3,0.934,0.385
A,TRP,167,CZ2,28.630,0.385
A,TRP,167,CZ3,19.623,0.385
A,TRP,167,CH2,33.453,0.385
A,TYR,168,N,0.000,0.052
A,TYR,168,CA,0.000,0.052
A,TYR,168,C,1.980,0.052
A,TYR,168,O,0.000,0.052
A,TYR,168,CB,2.680,0.052
A,TYR,168,CG,0.000,0.052
A,TYR,168,CD1,0.000,0.052
A,TYR,168,CD2,0.000,0.052
A,TYR,168,CE1,1.360,0.052
A,TYR,168,CE2,1.115,0.052
A,TYR,168,CZ,0.000,0.052
A,TYR,168,OH,3.967,0.052
A,ARG,169,N,0.196,0.133
A,ARG,169,CA,1.196,0.133
A,ARG,169,C,0.000,0.133
A,ARG,169,O,0.000,0.133
A,ARG,169,CB,0.000,0.133
A,ARG,169,CG,0.154,0.133
A,ARG,169,CD,1.919,0.133
A,ARG,169,NE,0.000,0.133
A,ARG,169,CZ,0.505,0.133
A,ARG,169,NH1,14.444,0.133
A,ARG,169,NH2,13.385,0.133
A,ALA,170,N,0.401,0.004
A,ALA,170,CA,0.000,0.004
A,ALA,170,C,0.000,0.004
A,ALA,170,O,0.000,0.004
A,ALA,170,CB,0.000,0.004
A,PRO,171,N,0.000,0.000
A,PRO,171,CA,0.000,0.000
A,PRO,171,C,0.000,0.000
A,PRO,171,O,0.000,0.000
A,PRO,171,CB,0.001,0.000
A,PRO,171,CG,0.000,0.000
A,PRO,171,CD,0.000,0.000
A,GLU,172,N,0.000,0.016
A,GLU,172,CA,0.000,0.016
A,GLU,172,C,0.000,0.016
A,GLU,172,O,0.000,0.016
A,GLU,172,CB,1.709,0.016
A,GLU,172,CG,0.989,0.016
A,GLU,172,CD,0.000,0.016
A,GLU,172,OE1,0.000,0.016
A,GLU,172,OE2,0.000,0.016
A,ILE,173,N,0.000,0.131
A,ILE,173,CA,0.000,0.131
A,ILE,173,C,0.000,0.131
A,ILE,173,O,10.251,0.131
A,ILE,173,CB,0.000,0.131
A,ILE,173,CG1,0.000,0.131
A,ILE,173,CG2,11.987,0.131
A,ILE,173,CD1,0.620,0.131
A,LEU,174,N,0.000,0.005
A,LEU,174,CA,0.173,0.005
A,LEU,174,C,0.000,0.005
A,LEU,174,O,0.024,0.005
A,LEU,174,CB,0.000,0.005
A,LEU,174,CG,0.000,0.005
A,LEU,174,CD1,0.719,0.005
A,LEU,174,CD2,0.000,0.005
A,LEU,175,N,0.000,0.000
A,LEU,175,CA,0.000,0.000
A,LEU,175,C,0.000,0.000
A,LEU,175,O,0.000,0.000
A,LEU,175,CB,0.000,0.000
A,LEU,175,CG,0.000,0.000
A,LEU,175,CD1,0.000,0.000
A,LEU,175,CD2,0.000,0.000
A,GLY,176,N,0.174,0.214
A,GLY,176,CA,15.424,0.214
A,GLY,176,C,0.544,0.214
A,GLY,176,O,0.959,0.214
A,CYS,177,N,0.000,0.153
A,CYS,177,CA,1.526,0.153
A,CYS,177,C,0.000,0.153
A,CYS,177,O,2.812,0.153
A,CYS,177,CB,0.000,0.153
A,CYS,177,SG,16.175,0.153
A,LYS,178,N,3.496,0.908
A,LYS,178,CA,0.512,0.908
A,LYS,178,C,1.186,0.908
A,LYS,178,O,24.871,0.908
A,LYS,178,CB,22.896,0.908
A,LYS,178,CG,24.103,0.908
A,LYS,178,CD,19.302,0.908
A,LYS,178,CE,37.347,0.908
A,LYS,178,NZ,48.596,0.908
A,TYR,179,N,0.391,1.003
A,TYR,179,CA,3.822,1.003
A,TYR,179,C,2.549,1.003
A,TYR,179,O,13.593,1.003
A,TYR,179,CB,21.539,1.003
A,TYR,179,CG,1.873,1.003
A,TYR,179,CD1,25.493,1.003
A,TYR,179,CD2,21.939,1.003
A,TYR,179,CE1,34.685,1.003
A,TYR,179,CE2,34.666,1.003
A,TYR,179,CZ,9.392,1.003
A,TYR,179,OH,43.481,1.003
A,TYR,180,N,2.346,0.337
A,TYR,180,CA,2.035,0.337
A,TYR,180,C,1.438,0.337
A,TYR,180,O,17.258,0.337
A,TYR,180,CB,0.000,0.337
A,TYR,180,CG,0.182,0.337
A,TYR,180,CD1,1.516,0.337
A,TYR,180,CD2,0.136,0.337
A,TYR,180,CE1,8.470,0.337
A,TYR,180,CE2,13.719,0.337
A,TYR,180,CZ,4.914,0.337
A,TYR,180,OH,19.735,0.337
A,SER,181,N,3.311,0.446
A,SER,181,CA,10.521,0.446
A,SER,181,C,0.664,0.446
A,SER,181,O,0.000,0.446
A,SER,181,CB,3.654,0.446
A,SER,181,OG,33.781,0.446
A,THR,182,N,1.413,0.329
A,THR,182,CA,0.000,0.329
A,THR,182,C,0.311,0.329
A,THR,182,O,0.000,0.329
A,THR,182,CB,0.053,0.329
A,THR,182,OG1,25.509,0.329
A,THR,182,CG2,18.481,0.329
A,ALA,183,N,0.004,0.089
A,ALA,183,CA,2.179,0.089
A,ALA,183,C,0.000,0.089
A,ALA,183,O,0.000,0.089
A,ALA,183,CB,7.406,0.089
A,VAL,184,N,0.000,0.005
A,VAL,184,CA,0.000,0.005
A,VAL,184,C,0.070,0.005
A,VAL,184,O,0.072,0.005
A,VAL,184,CB,0.624,0.005
A,VAL,184,CG1,0.000,0.005
A,VAL,184,CG2,0.000,0.005
A,ASP,185,N,0.000,0.000
A,ASP,185,CA,0.020,0.000
A,ASP,185,C,0.000,0.000
A,ASP,185,O,0.000,0.000
A,ASP,185,CB,0.000,0.000
A,ASP,185,CG,0.000,0.000
A,ASP,185,OD1,0.000,0.000
A,ASP,185,OD2,0.000,0.000
A,ILE,186,N,0.000,0.016
A,ILE,186,CA,0.000,0.016
A,ILE,186,C,0.000,0.016
A,ILE,186,O,0.000,0.016
A,ILE,186,CB,0.000,0.016
A,ILE,186,CG1,2.874,0.016
A,ILE,186,CG2,0.000,0.016
A,ILE,186,CD1,0.000,0.016
A,TRP,187,N,0.000,0.000
A,TRP,187,CA,0.000,0.000
A,TRP,187,C,0.000,0.000
A,TRP,187,O,0.000,0.000
A,TRP,187,CB,0.000,0.000
A,TRP,187,CG,0.000,0.000
A,TRP,187,CD1,0.000,0.000
A,TRP,187,CD2,0.000,0.000
A,TRP,187,NE1,0.000,0.000
A,TRP,187,CE2,0.000,0.000
A,TRP,187,CE3,0.000,0.000
A,TRP,187,CZ2,0.000,0.000
A,TRP,187,CZ3,0.000,0.000
A,TRP,187,CH2,0.000,0.000
A,SER,188,N,0.000,0.017
A,SER,188,CA,0.000,0.017
A,SER,188,C,0.000,0.017
A,SER,188,O,0.000,0.017
A,SER,188,CB,0.000,0.017
A,SER,188,OG,1.955,0.017
A,LEU,189,N,0.000,0.000
A,LEU,189,CA,0.000,0.000
A,LEU,189,C,0.000,0.000
A,LEU,189,O,0.000,0.000
A,LEU,189,CB,0.000,0.000
A,LEU,189,CG,0.000,0.000
A,LEU,189,CD1,0.000,0.000
A,LEU,189,CD2,0.000,0.000
A,GLY,190,N,0.000,0.000
A,GLY,190,CA,0.000,0.000
A,GLY,190,C,0.000,0.000
A,GLY,190,O,0.000,0.000
A,CYS,191,N,0.000,0.010
A,CYS,191,CA,0.000,0.010
A,CYS,191,C,0.000,0.010
A,CYS,191,O,0.170,0.010
A,CYS,191,CB,1.223,0.010
A,CYS,191,SG,0.000,0.010
A,ILE,192,N,0.000,0.001
A,ILE,192,CA,0.000,0.001
A,ILE,192,C,0.000,0.001
A,ILE,192,O,0.028,0.001
A,ILE,192,CB,0.000,0.001
A,ILE,192,CG1,0.000,0.001
A,ILE,192,CG2,0.171,0.001
A,ILE,192,CD1,0.000,0.001
A,PHE,193,N,0.000,0.000
A,PHE,193,CA,0.000,0.000
A,PHE,193,C,0.000,0.000
A,PHE,193,O,0.000,0.000
A,PHE,193,CB,0.000,0.000
A,PHE,193,CG,0.000,0.000
A,PHE,193,CD1,0.000,0.000
A,PHE,193,CD2,0.000,0.000
A,PHE,193,CE1,0.000,0.000
A,PHE,193,CE2,0.000,0.000
A,PHE,193,CZ,0.000,0.000
A,ALA,194,N,0.000,0.005
A,ALA,194,CA,0.000,0.005
A,ALA,194,C,0.146,0.005
A,ALA,194,O,0.000,0.005
A,ALA,194,CB,0.358,0.005
A,GLU,195,N,0.000,0.118
A,GLU,195,CA,0.000,0.118
A,GLU,195,C,0.000,0.118
A,GLU,195,O,0.000,0.118
A,GLU,195,CB,0.029,0.118
A,GLU,195,CG,0.102,0.118
A,GLU,195,CD,0.000,0.118
A,GLU,195,OE1,0.043,0.118
A,GLU,195,OE2,20.164,0.118
A,MET,196,N,0.000,0.005
A,MET,196,CA,0.000,0.005
A,MET,196,C,0.000,0.005
A,MET,196,O,0.943,0.005
A,MET,196,CB,0.000,0.005
A,MET,196,CG,0.000,0.005
A,MET,196,SD,0.000,0.005
A,MET,196,CE,0.000,0.005
A,VAL,197,N,0.000,0.084
A,VAL,197,CA,0.308,0.084
A,VAL,197,C,0.049,0.084
A,VAL,197,O,12.308,0.084
A,VAL,197,CB,0.000,0.084
A,VAL,197,CG1,0.000,0.084
A,VAL,197,CG2,0.000,0.084
A,THR,198,N,0.000,0.179
A,THR,198,CA,5.226,0.179
A,THR,198,C,0.000,0.179
A,THR,198,O,3.762,0.179
A,THR,198,CB,5.701,0.179
A,THR,198,OG1,2.705,0.179
A,THR,198,CG2,7.595,0.179
A,ARG,199,N,0.000,0.522
A,ARG,199,CA,0.000,0.522
A,ARG,199,C,0.391,0.522
A,ARG,199,O,25.030,0.522
A,ARG,199,CB,4.386,0.522
A,ARG,199,CG,1.471,0.522
A,ARG,199,CD,0.680,0.522
A,ARG,199,NE,10.861,0.522
A,ARG,199,CZ,2.887,0.522
A,ARG,199,NH1,27.585,0.522
A,ARG,199,NH2,51.241,0.522
A,ARG,200,N,0.000,0.737
A,ARG,200,CA,4.990,0.737
A,ARG,200,C,0.000,0.737
A,ARG,200,O,0.257,0.737
A,ARG,200,CB,22.546,0.737
A,ARG,200,CG,1.069,0.737
A,ARG,200,CD,25.086,0.737
A,ARG,200,NE,13.301,0.737
A,ARG,200,CZ,4.496,0.737
A,ARG,200,NH1,47.848,0.737
A,ARG,200,NH2,56.291,0.737
A,ALA,201,N,5.284,0.136
A,ALA,201,CA,0.101,0.136
A,ALA,201,C,0.000,0.136
A,ALA,201,O,6.137,0.136
A,ALA,201,CB,3.202,0.136
A,LEU,202,N,1.580,0.170
A,LEU,202,CA,4.087,0.170
A,LEU,202,C,0.000,0.170
A,LEU,202,O,12.325,0.170
A,LEU,202,CB,0.000,0.170
A,LEU,202,CG,0.311,0.170
A,LEU,202,CD1,0.376,0.170
A,LEU,202,CD2,11.728,0.170
A,PHE,203,N,0.638,0.005
A,PHE,203,CA,0.000,0.005
A,PHE,203,C,0.000,0.005
A,PHE,203,O,0.000,0.005
A,PHE,203,CB,0.000,0.005
A,PHE,203,CG,0.000,0.005
A,PHE,203,CD1,0.334,0.005
A,PHE,203,CD2,0.000,0.005
A,PHE,203,CE1,0.000,0.005
A,PHE,203,CE2,0.000,0.005
A,PHE,203,CZ,0.000,0.005
A,PRO,204,N,0.000,0.343
A,PRO,204,CA,0.000,0.343
A,PRO,204,C,0.000,0.343
A,PRO,204,O,6.635,0.343
A,PRO,204,CB,10.345,0.343
A,PRO,204,CG,23.647,0.343
A,PRO,204,CD,6.035,0.343
A,GLY,205,N,0.000,0.079
A,GLY,205,CA,0.000,0.079
A,GLY,205,C,1.098,0.079
A,GLY,205,O,5.196,0.079
A,ASP,206,N,0.043,0.460
A,ASP,206,CA,9.909,0.460
A,ASP,206,C,1.931,0.460
A,ASP,206,O,17.394,0.460
A,ASP,206,CB,28.155,0.460
A,ASP,206,CG,0.000,0.460
A,ASP,206,OD1,0.000,0.460
A,ASP,206,OD2,7.133,0.460
A,SER,207,N,0.000,0.053
A,SER,207,CA,3.631,0.053
A,SER,207,C,0.000,0.053
A,SER,207,O,0.000,0.053
A,SER,207,CB,2.541,0.053
A,SER,207,OG,0.000,0.053
A,GLU,208,N,0.000,0.203
A,GLU,208,CA,0.000,0.203
A,GLU,208,C,0.000,0.203
A,GLU,208,O,0.000,0.203
A,GLU,208,CB,2.111,0.203
A,GLU,208,CG,0.000,0.203
A,GLU,208,CD,3.809,0.203
A,GLU,208,OE1,22.636,0.203
A,GLU,208,OE2,6.348,0.203
A,ILE,209,N,0.000,0.000
A,ILE,209,CA,0.000,0.000
A,ILE,209,C,0.000,0.000
A,ILE,209,O,0.000,0.000
A,ILE,209,CB,0.000,0.000
A,ILE,209,CG1,0.000,0.000
A,ILE,209,CG2,0.080,0.000
A,ILE,209,CD1,0.000,0.000
A,ASP,210,N,0.000,0.008
A,ASP,210,CA,0.000,0.008
A,ASP,210,C,0.000,0.008
A,ASP,210,O,0.000,0.008
A,ASP,210,CB,0.000,0.008
A,ASP,210,CG,0.000,0.008
A,ASP,210,OD1,1.144,0.008
A,ASP,210,OD2,0.000,0.008
A,GLN,211,N,0.000,0.000
A,GLN,211,CA,0.000,0.000
A,GLN,211,C,0.000,0.000
A,GLN,211,O,0.000,0.000
A,GLN,211,CB,0.000,0.000
A,GLN,211,CG,0.000,0.000
A,GLN,211,CD,0.000,0.000
A,GLN,211,OE1,0.000,0.000
A,GLN,211,NE2,0.000,0.000
A,LEU,212,N,0.000,0.000
A,LEU,212,CA,0.000,0.000
A,LEU,212,C,0.000,0.000
A,LEU,212,O,0.000,0.000
A,LEU,212,CB,0.000,0.000
A,LEU,212,CG,0.000,0.000
A,LEU,212,CD1,0.000,0.000
A,LEU,212,CD2,0.000,0.000
A,PHE,213,N,0.000,0.001
A,PHE,213,CA,0.000,0.001
A,PHE,213,C,0.000,0.001
A,PHE,213,O,0.000,0.001
A,PHE,213,CB,0.000,0.001
A,PHE,213,CG,0.000,0.001
A,PHE,213,CD1,0.000,0.001
A,PHE,213,CD2,0.130,0.001
A,PHE,213,CE1,0.000,0.001
A,PHE,213,CE2,0.000,0.001
A,PHE,213,CZ,0.000,0.001
A,ARG,214,N,0.000,0.281
A,ARG,214,CA,0.000,0.281
A,ARG,214,C,0.000,0.281
A,ARG,214,O,1.588,0.281
A,ARG,214,CB,0.000,0.281
A,ARG,214,CG,8.753,0.281
A,ARG,214,CD,0.000,0.281
A,ARG,214,NE,4.010,0.281
A,ARG,214,CZ,1.553,0.281
A,ARG,214,NH1,13.953,0.281
A,ARG,214,NH2,37.241,0.281
A,ILE,215,N,0.000,0.000
A,ILE,215,CA,0.000,0.000
A,ILE,215,C,0.000,0.000
A,ILE,215,O,0.000,0.000
A,ILE,215,CB,0.000,0.000
A,ILE,215,CG1,0.000,0.000
A,ILE,215,CG2,0.000,0.000
A,ILE,215,CD1,0.000,0.000
A,PHE,216,N,0.000,0.000
A,PHE,216,CA,0.000,0.000
A,PHE,216,C,0.000,0.000
A,PHE,216,O,0.000,0.000
A,PHE,216,CB,0.000,0.000
A,PHE,216,CG,0.000,0.000
A,PHE,216,CD1,0.000,0.000
A,PHE,216,CD2,0.000,0.000
A,PHE,216,CE1,0.000,0.000
A,PHE,216,CE2,0.000,0.000
A,PHE,216,CZ,0.000,0.000
A,ARG,217,N,0.000,0.288
A,ARG,217,CA,0.007,0.288
A,ARG,217,C,0.000,0.288
A,ARG,217,O,3.000,0.288
A,ARG,217,CB,10.729,0.288
A,ARG,217,CG,0.221,0.288
A,ARG,217,CD,18.160,0.288
A,ARG,217,NE,0.000,0.288
A,ARG,217,CZ,0.000,0.288
A,ARG,217,NH1,33.137,0.288
A,ARG,217,NH2,3.436,0.288
A,THR,218,N,0.000,0.108
A,THR,218,CA,0.000,0.108
A,THR,218,C,0.000,0.108
A,THR,218,O,0.000,0.108
A,THR,218,CB,0.000,0.108
A,THR,218,OG1,14.991,0.108
A,THR,218,CG2,0.103,0.108
A,LEU,219,N,0.000,0.061
A,LEU,219,CA,0.000,0.061
A,LEU,219,C,0.000,0.061
A,LEU,219,O,7.840,0.061
A,LEU,219,CB,1.172,0.061
A,LEU,219,CG,0.000,0.061
A,LEU,219,CD1,1.122,0.061
A,LEU,219,CD2,0.815,0.061
A,GLY,220,N,0.000,0.073
A,GLY,220,CA,4.769,0.073
A,GLY,220,C,1.113,0.073
A,GLY,220,O,0.000,0.073
A,THR,221,N,0.024,0.135
A,THR,221,CA,0.000,0.135
A,THR,221,C,0.000,0.135
A,THR,221,O,14.054,0.135
A,THR,221,CB,3.100,0.135
A,THR,221,OG1,0.000,0.135
A,THR,221,CG2,1.691,0.135
A,PRO,222,N,0.000,0.016
A,PRO,222,CA,0.000,0.016
A,PRO,222,C,0.000,0.016
A,PRO,222,O,2.208,0.016
A,PRO,222,CB,0.000,0.016
A,PRO,222,CG,0.000,0.016
A,PRO,222,CD,0.000,0.016
A,ASP,223,N,0.000,0.411
A,ASP,223,CA,1.074,0.411
A,ASP,223,C,0.000,0.411
A,ASP,223,O,0.000,0.411
A,ASP,223,CB,26.139,0.411
A,ASP,223,CG,0.649,0.411
A,ASP,223,OD1,0.000,0.411
A,ASP,223,OD2,29.780,0.411
A,GLU,224,N,3.926,0.480
A,GLU,224,CA,0.000,0.480
A,GLU,224,C,1.250,0.480
A,GLU,224,O,8.438,0.480
A,GLU,224,CB,26.066,0.480
A,GLU,224,CG,22.418,0.480
A,GLU,224,CD,5.839,0.480
A,GLU,224,OE1,14.508,0.480
A,GLU,224,OE2,0.215,0.480
A,VAL,225,N,0.000,0.813
A,VAL,225,CA,6.096,0.813
A,VAL,225,C,0.000,0.813
A,VAL,225,O,13.023,0.813
A,VAL,225,CB,1.711,0.813
A,VAL,225,CG1,53.497,0.813
A,VAL,225,CG2,48.799,0.813
A,VAL,226,N,0.000,0.461
A,VAL,226,CA,3.816,0.461
A,VAL,226,C,0.000,0.461
A,VAL,226,O,1.623,0.461
A,VAL,226,CB,7.147,0.461
A,VAL,226,CG1,53.413,0.461
A,VAL,226,CG2,3.758,0.461
A,TRP,227,N,0.000,0.029
A,TRP,227,CA,0.000,0.029
A,TRP,227,C,0.000,0.029
A,TRP,227,O,0.000,0.029
A,TRP,227,CB,0.000,0.029
A,TRP,227,CG,0.000,0.029
A,TRP,227,CD1,0.000,0.029
A,TRP,227,CD2,0.000,0.029
A,TRP,227,NE1,6.279,0.029
A,TRP,227,CE2,0.000,0.029
A,TRP,227,CE3,0.000,0.029
A,TRP,227,CZ2,0.964,0.029
A,TRP,227,CZ3,0.000,0.029
A,TRP,227,CH2,0.000,0.029
A,PRO,228,N,0.000,0.490
A,PRO,228,CA,0.000,0.490
A,PRO,228,C,1.642,0.490
A,PRO,228,O,10.422,0.490
A,PRO,228,CB,31.992,0.490
A,PRO,228,CG,22.643,0.490
A,PRO,228,CD,0.000,0.490
A,GLY,229,N,2.603,0.398
A,GLY,229,CA,25.780,0.398
A,GLY,229,C,0.468,0.398
A,GLY,229,O,3.009,0.398
A,VAL,230,N,0.000,0.000
A,VAL,230,CA,0.000,0.000
A,VAL,230,C,0.000,0.000
A,VAL,230,O,0.000,0.000
A,VAL,230,CB,0.000,0.000
A,VAL,230,CG1,0.000,0.000
A,VAL,230,CG2,0.000,0.000
A,THR,231,N,0.000,0.597
A,THR,231,CA,0.066,0.597
A,THR,231,C,0.585,0.597
A,THR,231,O,27.445,0.597
A,THR,231,CB,13.549,0.597
A,THR,231,OG1,17.770,0.597
A,THR,231,CG2,23.737,0.597
A,SER,232,N,0.000,0.732
A,SER,232,CA,8.818,0.732
A,SER,232,C,0.740,0.732
A,SER,232,O,18.024,0.732
A,SER,232,CB,23.311,0.732
A,SER,232,OG,34.329,0.732
A,MET,233,N,0.000,0.157
A,MET,233,CA,0.000,0.157
A,MET,233,C,0.598,0.157
A,MET,233,O,6.089,0.157
A,MET,233,CB,0.000,0.157
A,MET,233,CG,0.000,0.157
A,MET,233,SD,0.620,0.157
A,MET,233,CE,23.211,0.157
A,PRO,234,N,0.000,0.652
A,PRO,234,CA,14.591,0.652
A,PRO,234,C,0.183,0.652
A,PRO,234,O,22.663,0.652
A,PRO,234,CB,23.190,0.652
A,PRO,234,CG,24.941,0.652
A,PRO,234,CD,3.230,0.652
A,ASP,235,N,0.000,0.119
A,ASP,235,CA,0.442,0.119
A,ASP,235,C,0.000,0.119
A,ASP,235,O,0.772,0.119
A,ASP,235,CB,0.426,0.119
A,ASP,235,CG,0.241,0.119
A,ASP,235,OD1,8.307,0.119
A,ASP,235,OD2,6.582,0.119
A,TYR,236,N,0.000,0.189
A,TYR,236,CA,0.000,0.189
A,TYR,236,C,0.000,0.189
A,TYR,236,O,11.824,0.189
A,TYR,236,CB,0.857,0.189
A,TYR,236,CG,0.000,0.189
A,TYR,236,CD1,0.000,0.189
A,TYR,236,CD2,6.650,0.189
A,TYR,236,CE1,0.004,0.189
A,TYR,236,CE2,4.988,0.189
A,TYR,236,CZ,0.000,0.189
A,TYR,236,OH,15.907,0.189
A,LYS,237,N,0.000,0.277
A,LYS,237,CA,0.000,0.277
A,LYS,237,C,0.000,0.277
A,LYS,237,O,0.000,0.277
A,LYS,237,CB,0.566,0.277
A,LYS,237,CG,0.786,0.277
A,LYS,237,CD,17.258,0.277
A,LYS,237,CE,25.589,0.277
A,LYS,237,NZ,11.486,0.277
A,PRO,238,N,0.000,0.786
A,PRO,238,CA,0.924,0.786
A,PRO,238,C,1.224,0.786
A,PRO,238,O,14.551,0.786
A,PRO,238,CB,33.281,0.786
A,PRO,238,CG,37.521,0.786
A,PRO,238,CD,19.480,0.786
A,SER,239,N,0.000,0.251
A,SER,239,CA,4.952,0.251
A,SER,239,C,0.289,0.251
A,SER,239,O,1.172,0.251
A,SER,239,CB,17.382,0.251
A,SER,239,OG,5.474,0.251
A,PHE,240,N,0.000,0.005
A,PHE,240,CA,0.000,0.005
A,PHE,240,C,0.000,0.005
A,PHE,240,O,1.039,0.005
A,PHE,240,CB,0.000,0.005
A,PHE,240,CG,0.000,0.005
A,PHE,240,CD1,0.000,0.005
A,PHE,240,CD2,0.000,0.005
A,PHE,240,CE1,0.000,0.005
A,PHE,240,CE2,0.000,0.005
A,PHE,240,CZ,0.000,0.005
A,PRO,241,N,0.000,0.000
A,PRO,241,CA,0.000,0.000
A,PRO,241,C,0.000,0.000
A,PRO,241,O,0.000,0.000
A,PRO,241,CB,0.000,0.000
A,PRO,241,CG,0.000,0.000
A,PRO,241,CD,0.000,0.000
A,LYS,242,N,0.000,0.476
A,LYS,242,CA,0.010,0.476
A,LYS,242,C,1.296,0.476
A,LYS,242,O,3.347,0.476
A,LYS,242,CB,24.342,0.476
A,LYS,242,CG,27.092,0.476
A,LYS,242,CD,12.280,0.476
A,LYS,242,CE,23.260,0.476
A,LYS,242,NZ,3.957,0.476
A,TRP,243,N,0.000,0.174
A,TRP,243,CA,1.216,0.174
A,TRP,243,C,3.692,0.174
A,TRP,243,O,12.252,0.174
A,TRP,243,CB,0.393,0.174
A,TRP,243,CG,0.000,0.174
A,TRP,243,CD1,17.621,0.174
A,TRP,243,CD2,0.000,0.174
A,TRP,243,NE1,6.991,0.174
A,TRP,243,CE2,0.047,0.174
A,TRP,243,CE3,0.000,0.174
A,TRP,243,CZ2,1.177,0.174
A,TRP,243,CZ3,0.000,0.174
A,TRP,243,CH2,0.000,0.174
A,ALA,244,N,5.906,0.740
A,ALA,244,CA,5.419,0.740
A,ALA,244,C,0.043,0.740
A,ALA,244,O,4.433,0.740
A,ALA,244,CB,64.036,0.740
A,ARG,245,N,4.446,0.507
A,ARG,245,CA,0.000,0.507
A,ARG,245,C,0.044,0.507
A,ARG,245,O,21.020,0.507
A,ARG,245,CB,22.228,0.507
A,ARG,245,CG,22.512,0.507
A,ARG,245,CD,0.000,0.507
A,ARG,245,NE,2.235,0.507
A,ARG,245,CZ,3.107,0.507
A,ARG,245,NH1,30.004,0.507
A,ARG,245,NH2,15.540,0.507
A,GLN,246,N,0.000,0.483
A,GLN,246,CA,5.258,0.483
A,GLN,246,C,1.150,0.483
A,GLN,246,O,1.218,0.483
A,GLN,246,CB,1.176,0.483
A,GLN,246,CG,23.490,0.483
A,GLN,246,CD,5.631,0.483
A,GLN,246,OE1,16.364,0.483
A,GLN,246,NE2,31.952,0.483
A,ASP,247,N,5.786,0.612
A,ASP,247,CA,7.347,0.612
A,ASP,247,C,0.000,0.612
A,ASP,247,O,0.000,0.612
A,ASP,247,CB,22.367,0.612
A,ASP,247,CG,8.191,0.612
A,ASP,247,OD1,16.762,0.612
A,ASP,247,OD2,25.429,0.612
A,PHE,248,N,2.607,0.057
A,PHE,248,CA,0.000,0.057
A,PHE,248,C,0.000,0.057
A,PHE,248,O,0.000,0.057
A,PHE,248,CB,7.453,0.057
A,PHE,248,CG,0.000,0.057
A,PHE,248,CD1,0.000,0.057
A,PHE,248,CD2,0.845,0.057
A,PHE,248,CE1,0.207,0.057
A,PHE,248,CE2,0.000,0.057
A,PHE,248,CZ,0.225,0.057
A,SER,249,N,0.139,0.307
A,SER,249,CA,0.000,0.307
A,SER,249,C,0.000,0.307
A,SER,249,O,10.086,0.307
A,SER,249,CB,22.896,0.307
A,SER,249,OG,2.598,0.307
A,LYS,250,N,0.000,0.731
A,LYS,250,CA,1.477,0.731
A,LYS,250,C,1.507,0.731
A,LYS,250,O,14.278,0.731
A,LYS,250,CB,18.715,0.731
A,LYS,250,CG,12.703,0.731
A,LYS,250,CD,26.462,0.731
A,LYS,250,CE,48.333,0.731
A,LYS,250,NZ,23.226,0.731
A,VAL,251,N,0.062,0.178
A,VAL,251,CA,8.006,0.178
A,VAL,251,C,0.000,0.178
A,VAL,251,O,9.086,0.178
A,VAL,251,CB,0.000,0.178
A,VAL,251,CG1,6.397,0.178
A,VAL,251,CG2,3.365,0.178
A,VAL,252,N,0.000,0.000
A,VAL,252,CA,0.000,0.000
A,VAL,252,C,0.000,0.000
A,VAL,252,O,0.000,0.000
A,VAL,252,CB,0.000,0.000
A,VAL,252,CG1,0.000,0.000
A,VAL,252,CG2,0.000,0.000
A,PRO,253,N,0.000,0.605
A,PRO,253,CA,0.723,0.605
A,PRO,253,C,1.427,0.605
A,PRO,253,O,19.118,0.605
A,PRO,253,CB,28.291,0.605
A,PRO,253,CG,25.728,0.605
A,PRO,253,CD,7.076,0.605
A,PRO,254,N,0.000,0.533
A,PRO,254,CA,11.416,0.533
A,PRO,254,C,0.002,0.533
A,PRO,254,O,15.855,0.533
A,PRO,254,CB,12.924,0.533
A,PRO,254,CG,30.057,0.533
A,PRO,254,CD,2.243,0.533
A,LEU,255,N,0.000,0.032
A,LEU,255,CA,0.278,0.032
A,LEU,255,C,0.022,0.032
A,LEU,255,O,2.676,0.032
A,LEU,255,CB,0.000,0.032
A,LEU,255,CG,0.000,0.032
A,LEU,255,CD1,2.743,0.032
A,LEU,255,CD2,0.000,0.032
A,ASP,256,N,1.890,0.540
A,ASP,256,CA,6.930,0.540
A,ASP,256,C,0.000,0.540
A,ASP,256,O,0.000,0.540
A,ASP,256,CB,33.818,0.540
A,ASP,256,CG,4.777,0.540
A,ASP,256,OD1,0.000,0.540
A,ASP,256,OD2,28.456,0.540
A,GLU,257,N,3.560,0.763
A,GLU,257,CA,0.000,0.763
A,GLU,257,C,0.373,0.763
A,GLU,257,O,0.611,0.763
A,GLU,257,CB,21.156,0.763
A,GLU,257,CG,24.963,0.763
A,GLU,257,CD,9.871,0.763
A,GLU,257,OE1,28.940,0.763
A,GLU,257,OE2,42.024,0.763
A,ASP,258,N,1.100,0.404
A,ASP,258,CA,0.122,0.404
A,ASP,258,C,0.000,0.404
A,ASP,258,O,0.000,0.404
A,ASP,258,CB,0.412,0.404
A,ASP,258,CG,3.515,0.404
A,ASP,258,OD1,18.119,0.404
A,ASP,258,OD2,33.500,0.404
A,GLY,259,N,0.000,0.000
A,GLY,259,CA,0.000,0.000
A,GLY,259,C,0.000,0.000
A,GLY,259,O,0.000,0.000
A,ARG,260,N,0.000,0.225
A,ARG,260,CA,0.000,0.225
A,ARG,260,C,0.966,0.225
A,ARG,260,O,0.000,0.225
A,ARG,260,CB,6.981,0.225
A,ARG,260,CG,0.000,0.225
A,ARG,260,CD,0.698,0.225
A,ARG,260,NE,7.437,0.225
A,ARG,260,CZ,0.000,0.225
A,ARG,260,NH1,11.762,0.225
A,ARG,260,NH2,25.907,0.225
A,SER,261,N,0.576,0.368
A,SER,261,CA,9.027,0.368
A,SER,261,C,0.000,0.368
A,SER,261,O,0.311,0.368
A,SER,261,CB,18.132,0.368
A,SER,261,OG,14.856,0.368
A,LEU,262,N,0.000,0.000
A,LEU,262,CA,0.000,0.000
A,LEU,262,C,0.000,0.000
A,LEU,262,O,0.000,0.000
A,LEU,262,CB,0.000,0.000
A,LEU,262,CG,0.000,0.000
A,LEU,262,CD1,0.000,0.000
A,LEU,262,CD2,0.000,0.000
A,LEU,263,N,0.000,0.000
A,LEU,263,CA,0.000,0.000
A,LEU,263,C,0.000,0.000
A,LEU,263,O,0.000,0.000
A,LEU,263,CB,0.000,0.000
A,LEU,263,CG,0.000,0.000
A,LEU,263,CD1,0.000,0.000
A,LEU,263,CD2,0.064,0.000
A,SER,264,N,0.000,0.264
A,SER,264,CA,0.000,0.264
A,SER,264,C,0.221,0.264
A,SER,264,O,4.096,0.264
A,SER,264,CB,7.616,0.264
A,SER,264,OG,18.876,0.264
A,GLN,265,N,0.000,0.410
A,GLN,265,CA,1.524,0.410
A,GLN,265,C,0.000,0.410
A,GLN,265,O,0.054,0.410
A,GLN,265,CB,1.416,0.410
A,GLN,265,CG,18.802,0.410
A,GLN,265,CD,5.373,0.410
A,GLN,265,OE1,14.433,0.410
A,GLN,265,NE2,31.525,0.410
A,MET,266,N,0.000,0.000
A,MET,266,CA,0.000,0.000
A,MET,266,C,0.000,0.000
A,MET,266,O,0.000,0.000
A,MET,266,CB,0.000,0.000
A,MET,266,CG,0.000,0.000
A,MET,266,SD,0.000,0.000
A,MET,266,CE,0.000,0.000
A,LEU,267,N,0.000,0.021
A,LEU,267,CA,0.000,0.021
A,LEU,267,C,0.877,0.021
A,LEU,267,O,2.202,0.021
A,LEU,267,CB,0.741,0.021
A,LEU,267,CG,0.000,0.021
A,LEU,267,CD1,0.000,0.021
A,LEU,267,CD2,0.000,0.021
A,HIS,268,N,0.000,0.289
A,HIS,268,CA,5.992,0.289
A,HIS,268,C,0.000,0.289
A,HIS,268,O,0.000,0.289
A,HIS,268,CB,0.188,0.289
A,HIS,268,CG,0.494,0.289
A,HIS,268,ND1,18.050,0.289
A,HIS,268,CD2,0.599,0.289
A,HIS,268,CE1,26.331,0.289
A,HIS,268,NE2,1.110,0.289
A,TYR,269,N,2.653,0.065
A,TYR,269,CA,0.000,0.065
A,TYR,269,C,0.000,0.065
A,TYR,269,O,0.000,0.065
A,TYR,269,CB,0.878,0.065
A,TYR,269,CG,0.000,0.065
A,TYR,269,CD1,0.000,0.065
A,TYR,269,CD2,9.773,0.065
A,TYR,269,CE1,0.000,0.065
A,TYR,269,CE2,0.564,0.065
A,TYR,269,CZ,0.000,0.065
A,TYR,269,OH,0.000,0.065
A,ASP,270,N,0.000,0.097
A,ASP,270,CA,0.000,0.097
A,ASP,270,C,0.000,0.097
A,ASP,270,O,0.000,0.097
A,ASP,270,CB,0.000,0.097
A,ASP,270,CG,0.146,0.097
A,ASP,270,OD1,5.426,0.097
A,ASP,270,OD2,8.104,0.097
A,PRO,271,N,0.000,0.214
A,PRO,271,CA,0.000,0.214
A,PRO,271,C,0.223,0.214
A,PRO,271,O,7.071,0.214
A,PRO,271,CB,8.619,0.214
A,PRO,271,CG,8.590,0.214
A,PRO,271,CD,4.570,0.214
A,ASN,272,N,0.000,0.977
A,ASN,272,CA,5.336,0.977
A,ASN,272,C,0.662,0.977
A,ASN,272,O,28.513,0.977
A,ASN,272,CB,12.533,0.977
A,ASN,272,CG,7.817,0.977
A,ASN,272,OD1,28.302,0.977
A,ASN,272,ND2,57.406,0.977
A,LYS,273,N,0.000,0.535
A,LYS,273,CA,6.738,0.535
A,LYS,273,C,1.197,0.535
A,LYS,273,O,20.030,0.535
A,LYS,273,CB,3.013,0.535
A,LYS,273,CG,23.055,0.535
A,LYS,273,CD,31.534,0.535
A,LYS,273,CE,2.182,0.535
A,LYS,273,NZ,19.677,0.535
A,ARG,274,N,0.000,0.047
A,ARG,274,CA,0.000,0.047
A,ARG,274,C,0.237,0.047
A,ARG,274,O,10.969,0.047
A,ARG,274,CB,0.000,0.047
A,ARG,274,CG,0.000,0.047
A,ARG,274,CD,0.000,0.047
A,ARG,274,NE,0.000,0.047
A,ARG,274,CZ,0.000,0.047
A,ARG,274,NH1,0.000,0.047
A,ARG,274,NH2,0.000,0.047
A,ILE,275,N,0.311,0.106
A,ILE,275,CA,8.327,0.106
A,ILE,275,C,0.000,0.106
A,ILE,275,O,0.506,0.106
A,ILE,275,CB,0.002,0.106
A,ILE,275,CG1,4.571,0.106
A,ILE,275,CG2,0.000,0.106
A,ILE,275,CD1,4.868,0.106
A,SER,276,N,2.420,0.489
A,SER,276,CA,4.102,0.489
A,SER,276,C,0.000,0.489
A,SER,276,O,0.000,0.489
A,SER,276,CB,41.259,0.489
A,SER,276,OG,9.214,0.489
A,ALA,277,N,1.879,0.032
A,ALA,277,CA,0.000,0.032
A,ALA,277,C,0.000,0.032
A,ALA,277,O,0.000,0.032
A,ALA,277,CB,1.593,0.032
A,LYS,278,N,0.949,0.626
A,LYS,278,CA,0.000,0.626
A,LYS,278,C,1.068,0.626
A,LYS,278,O,9.293,0.626
A,LYS,278,CB,15.715,0.626
A,LYS,278,CG,30.133,0.626
A,LYS,278,CD,8.100,0.626
A,LYS,278,CE,42.449,0.626
A,LYS,278,NZ,18.075,0.626
A,ALA,279,N,0.058,0.498
A,ALA,279,CA,6.188,0.498
A,ALA,279,C,0.000,0.498
A,ALA,279,O,5.689,0.498
A,ALA,279,CB,41.795,0.498
A,ALA,280,N,0.000,0.000
A,ALA,280,CA,0.000,0.000
A,ALA,280,C,0.000,0.000
A,ALA,280,O,0.000,0.000
A,ALA,280,CB,0.000,0.000
A,LEU,281,N,0.000,0.239
A,LEU,281,CA,0.000,0.239
A,LEU,281,C,0.929,0.239
A,LEU,281,O,11.597,0.239
A,LEU,281,CB,9.995,0.239
A,LEU,281,CG,0.000,0.239
A,LEU,281,CD1,20.224,0.239
A,LEU,281,CD2,0.004,0.239
A,ALA,282,N,0.062,0.771
A,ALA,282,CA,10.816,0.771
A,ALA,282,C,2.029,0.771
A,ALA,282,O,17.636,0.771
A,ALA,282,CB,52.703,0.771
A,HIS,283,N,0.000,0.084
A,HIS,283,CA,3.242,0.084
A,HIS,283,C,0.000,0.084
A,HIS,283,O,0.838,0.084
A,HIS,283,CB,0.283,0.084
A,HIS,283,CG,0.000,0.084
A,HIS,283,ND1,0.000,0.084
A,HIS,283,CD2,6.671,0.084
A,HIS,283,CE1,0.738,0.084
A,HIS,283,NE2,3.632,0.084
A,PRO,284,N,0.000,0.488
A,PRO,284,CA,0.000,0.488
A,PRO,284,C,0.000,0.488
A,PRO,284,O,6.159,0.488
A,PRO,284,CB,9.483,0.488
A,PRO,284,CG,36.382,0.488
A,PRO,284,CD,14.361,0.488
A,PHE,285,N,0.000,0.060
A,PHE,285,CA,1.772,0.060
A,PHE,285,C,0.000,0.060
A,PHE,285,O,1.224,0.060
A,PHE,285,CB,0.000,0.060
A,PHE,285,CG,0.000,0.060
A,PHE,285,CD1,0.344,0.060
A,PHE,285,CD2,0.000,0.060
A,PHE,285,CE1,3.521,0.060
A,PHE,285,CE2,0.000,0.060
A,PHE,285,CZ,5.118,0.060
A,PHE,286,N,0.000,0.063
A,PHE,286,CA,0.000,0.063
A,PHE,286,C,1.505,0.063
A,PHE,286,O,8.528,0.063
A,PHE,286,CB,2.483,0.063
A,PHE,286,CG,0.000,0.063
A,PHE,286,CD1,0.000,0.063
A,PHE,286,CD2,0.000,0.063
A,PHE,286,CE1,0.000,0.063
A,PHE,286,CE2,0.000,0.063
A,PHE,286,CZ,0.000,0.063
A,GLN,287,N,0.000,0.822
A,GLN,287,CA,4.508,0.822
A,GLN,287,C,0.893,0.822
A,GLN,287,O,30.301,0.822
A,GLN,287,CB,14.627,0.822
A,GLN,287,CG,33.799,0.822
A,GLN,287,CD,5.206,0.822
A,GLN,287,OE1,23.722,0.822
A,GLN,287,NE2,33.627,0.822
A,ASP,288,N,0.000,0.695
A,ASP,288,CA,7.156,0.695
A,ASP,288,C,1.780,0.695
A,ASP,288,O,9.785,0.695
A,ASP,288,CB,33.096,0.695
A,ASP,288,CG,8.810,0.695
A,ASP,288,OD1,0.000,0.695
A,ASP,288,OD2,36.915,0.695
A,VAL,289,N,0.787,0.293
A,VAL,289,CA,0.468,0.293
A,VAL,289,C,0.000,0.293
A,VAL,289,O,21.720,0.293
A,VAL,289,CB,0.122,0.293
A,VAL,289,CG1,0.000,0.293
A,VAL,289,CG2,21.213,0.293
A,THR,290,N,0.682,0.610
A,THR,290,CA,8.541,0.610
A,THR,290,C,2.246,0.610
A,THR,290,O,9.763,0.610
A,THR,290,CB,5.848,0.610
A,THR,290,OG1,1.488,0.610
A,THR,290,CG2,56.421,0.610
A,LYS,291,N,3.958,0.552
A,LYS,291,CA,0.000,0.552
A,LYS,291,C,3.977,0.552
A,LYS,291,O,10.877,0.552
A,LYS,291,CB,16.692,0.552
A,LYS,291,CG,1.283,0.552
A,LYS,291,CD,33.944,0.552
A,LYS,291,CE,31.321,0.552
A,LYS,291,NZ,8.724,0.552
A,PRO,292,N,0.286,0.405
A,PRO,292,CA,10.823,0.405
A,PRO,292,C,0.000,0.405
A,PRO,292,O,0.000,0.405
A,PRO,292,CB,22.191,0.405
A,PRO,292,CG,21.841,0.405
A,PRO,292,CD,0.000,0.405
A,VAL,293,N,1.215,0.665
A,VAL,293,CA,0.000,0.665
A,VAL,293,C,0.000,0.665
A,VAL,293,O,9.782,0.665
A,VAL,293,CB,1.112,0.665
A,VAL,293,CG1,36.435,0.665
A,VAL,293,CG2,52.102,0.665
A,PRO,294,N,0.000,0.439
A,PRO,294,CA,0.000,0.439
A,PRO,294,C,16.277,0.439
A,PRO,294,O,29.772,0.439
A,PRO,294,CB,4.829,0.439
A,PRO,294,CG,8.937,0.439
A,PRO,294,CD,0.000,0.439
B,GLN,5,N,43.285,1.116
B,GLN,5,CA,16.062,1.116
B,GLN,5,C,2.715,1.116
B,GLN,5,O,19.254,1.116
B,GLN,5,CB,6.326,1.116
B,GLN,5,CG,29.805,1.116
B,GLN,5,CD,5.752,1.116
B,GLN,5,OE1,24.923,1.116
B,GLN,5,NE2,51.052,1.116
B,ILE,6,N,3.219,0.168
B,ILE,6,CA,0.170,0.168
B,ILE,6,C,1.865,0.168
B,ILE,6,O,9.109,0.168
B,ILE,6,CB,1.025,0.168
B,ILE,6,CG1,0.635,0.168
B,ILE,6,CG2,0.000,0.168
B,ILE,6,CD1,13.424,0.168
B,TYR,7,N,2.996,0.464
B,TYR,7,CA,7.150,0.464
B,TYR,7,C,0.000,0.464
B,TYR,7,O,0.000,0.464
B,TYR,7,CB,17.380,0.464
B,TYR,7,CG,0.010,0.464
B,TYR,7,CD1,0.000,0.464
B,TYR,7,CD2,23.781,0.464
B,TYR,7,CE1,0.000,0.464
B,TYR,7,CE2,30.384,0.464
B,TYR,7,CZ,1.235,0.464
B,TYR,7,OH,15.821,0.464
B,TYR,8,N,4.132,0.355
B,TYR,8,CA,0.000,0.355
B,TYR,8,C,0.000,0.355
B,TYR,8,O,16.666,0.355
B,TYR,8,CB,14.343,0.355
B,TYR,8,CG,1.954,0.355
B,TYR,8,CD1,0.809,0.355
B,TYR,8,CD2,15.661,0.355
B,TYR,8,CE1,0.111,0.355
B,TYR,8,CE2,18.007,0.355
B,TYR,8,CZ,0.531,0.355
B,TYR,8,OH,3.292,0.355
B,SER,9,N,0.000,0.068
B,SER,9,CA,0.000,0.068
B,SER,9,C,0.572,0.068
B,SER,9,O,5.821,0.068
B,SER,9,CB,1.472,0.068
B,SER,9,OG,0.016,0.068
B,ASP,10,N,1.125,0.788
B,ASP,10,CA,9.472,0.788
B,ASP,10,C,0.000,0.788
B,ASP,10,O,0.115,0.788
B,ASP,10,CB,26.375,0.788
B,ASP,10,CG,14.131,0.788
B,ASP,10,OD1,17.411,0.788
B,ASP,10,OD2,41.968,0.788
B,LYS,11,N,6.090,0.566
B,LYS,11,CA,0.000,0.566
B,LYS,11,C,1.298,0.566
B,LYS,11,O,21.351,0.566
B,LYS,11,CB,14.272,0.566
B,LYS,11,CG,2.439,0.566
B,LYS,11,CD,6.593,0.566
B,LYS,11,CE,46.032,0.566
B,LYS,11,NZ,15.661,0.566
B,TYR,12,N,0.000,0.097
B,TYR,12,CA,5.976,0.097
B,TYR,12,C,0.000,0.097
B,TYR,12,O,0.000,0.097
B,TYR,12,CB,11.181,0.097
B,TYR,12,CG,0.000,0.097
B,TYR,12,CD1,3.032,0.097
B,TYR,12,CD2,0.000,0.097
B,TYR,12,CE1,0.117,0.097
B,TYR,12,CE2,0.000,0.097
B,TYR,12,CZ,0.000,0.097
B,TYR,12,OH,0.359,0.097
B,ASP,13,N,6.058,0.514
B,ASP,13,CA,0.000,0.514
B,ASP,13,C,0.939,0.514
B,ASP,13,O,10.342,0.514
B,ASP,13,CB,14.957,0.514
B,ASP,13,CG,4.899,0.514
B,ASP,13,OD1,1.412,0.514
B,ASP,13,OD2,33.576,0.514
B,ASP,14,N,0.000,0.128
B,ASP,14,CA,4.461,0.128
B,ASP,14,C,2.273,0.128
B,ASP,14,O,8.172,0.128
B,ASP,14,CB,0.000,0.128
B,ASP,14,CG,0.194,0.128
B,ASP,14,OD1,0.000,0.128
B,ASP,14,OD2,2.819,0.128
B,GLU,15,N,0.000,0.899
B,GLU,15,CA,1.346,0.899
B,GLU,15,C,0.425,0.899
B,GLU,15,O,22.406,0.899
B,GLU,15,CB,20.742,0.899
B,GLU,15,CG,39.014,0.899
B,GLU,15,CD,8.180,0.899
B,GLU,15,OE1,22.698,0.899
B,GLU,15,OE2,40.093,0.899
B,GLU,16,N,0.010,0.667
B,GLU,16,CA,1.049,0.667
B,GLU,16,C,0.000,0.667
B,GLU,16,O,1.229,0.667
B,GLU,16,CB,19.634,0.667
B,GLU,16,CG,8.275,0.667
B,GLU,16,CD,13.555,0.667
B,GLU,16,OE1,37.181,0.667
B,GLU,16,OE2,33.876,0.667
B,PHE,17,N,0.000,0.240
B,PHE,17,CA,0.000,0.240
B,PHE,17,C,0.000,0.240
B,PHE,17,O,0.000,0.240
B,PHE,17,CB,0.000,0.240
B,PHE,17,CG,0.000,0.240
B,PHE,17,CD1,0.000,0.240
B,PHE,17,CD2,3.217,0.240
B,PHE,17,CE1,6.479,0.240
B,PHE,17,CE2,15.645,0.240
B,PHE,17,CZ,22.590,0.240
B,GLU,18,N,0.000,0.165
B,GLU,18,CA,0.000,0.165
B,GLU,18,C,0.000,0.165
B,GLU,18,O,0.000,0.165
B,GLU,18,CB,0.000,0.165
B,GLU,18,CG,0.401,0.165
B,GLU,18,CD,4.825,0.165
B,GLU,18,OE1,3.602,0.165
B,GLU,18,OE2,19.585,0.165
B,TYR,19,N,0.000,0.015
B,TYR,19,CA,0.000,0.015
B,TYR,19,C,0.000,0.015
B,TYR,19,O,0.000,0.015
B,TYR,19,CB,0.390,0.015
B,TYR,19,CG,0.000,0.015
B,TYR,19,CD1,0.000,0.015
B,TYR,19,CD2,0.016,0.015
B,TYR,19,CE1,0.000,0.015
B,TYR,19,CE2,0.000,0.015
B,TYR,19,CZ,0.000,0.015
B,TYR,19,OH,2.851,0.015
B,ARG,20,N,0.000,0.096
B,ARG,20,CA,0.000,0.096
B,ARG,20,C,0.000,0.096
B,ARG,20,O,0.416,0.096
B,ARG,20,CB,0.000,0.096
B,ARG,20,CG,0.000,0.096
B,ARG,20,CD,0.000,0.096
B,ARG,20,NE,0.000,0.096
B,ARG,20,CZ,0.000,0.096
B,ARG,20,NH1,2.105,0.096
B,ARG,20,NH2,20.515,0.096
B,HIS,21,N,0.000,0.013
B,HIS,21,CA,0.000,0.013
B,HIS,21,C,0.000,0.013
B,HIS,21,O,0.000,0.013
B,HIS,21,CB,0.000,0.013
B,HIS,21,CG,0.000,0.013
B,HIS,21,ND1,0.058,0.013
B,HIS,21,CD2,0.000,0.013
B,HIS,21,CE1,2.404,0.013
B,HIS,21,NE2,0.000,0.013
B,VAL,22,N,0.000,0.000
B,VAL,22,CA,0.000,0.000
B,VAL,22,C,0.000,0.000
B,VAL,22,O,0.000,0.000
B,VAL,22,CB,0.000,0.000
B,VAL,22,CG1,0.000,0.000
B,VAL,22,CG2,0.000,0.000
B,MET,23,N,0.000,0.197
B,MET,23,CA,0.000,0.197
B,MET,23,C,0.308,0.197
B,MET,23,O,1.919,0.197
B,MET,23,CB,8.077,0.197
B,MET,23,CG,0.000,0.197
B,MET,23,SD,8.903,0.197
B,MET,23,CE,19.090,0.197
B,LEU,24,N,0.000,0.032
B,LEU,24,CA,0.000,0.032
B,LEU,24,C,2.212,0.032
B,LEU,24,O,3.540,0.032
B,LEU,24,CB,0.000,0.032
B,LEU,24,CG,0.000,0.032
B,LEU,24,CD1,0.000,0.032
B,LEU,24,CD2,0.000,0.032
B,PRO,25,N,0.000,0.089
B,PRO,25,CA,4.315,0.089
B,PRO,25,C,0.069,0.089
B,PRO,25,O,0.000,0.089
B,PRO,25,CB,4.136,0.089
B,PRO,25,CG,3.545,0.089
B,PRO,25,CD,0.000,0.089
B,LYS,26,N,0.907,0.799
B,LYS,26,CA,1.939,0.799
B,LYS,26,C,0.868,0.799
B,LYS,26,O,0.000,0.799
B,LYS,26,CB,24.243,0.799
B,LYS,26,CG,32.625,0.799
B,LYS,26,CD,16.140,0.799
B,LYS,26,CE,43.316,0.799
B,LYS,26,NZ,40.366,0.799
B,ASP,27,N,0.019,0.740
B,ASP,27,CA,6.313,0.740
B,ASP,27,C,1.352,0.740
B,ASP,27,O,2.187,0.740
B,ASP,27,CB,17.626,0.740
B,ASP,27,CG,10.976,0.740
B,ASP,27,OD1,40.227,0.740
B,ASP,27,OD2,25.153,0.740
B,ILE,28,N,0.000,0.248
B,ILE,28,CA,0.064,0.248
B,ILE,28,C,0.000,0.248
B,ILE,28,O,0.000,0.248
B,ILE,28,CB,0.000,0.248
B,ILE,28,CG1,0.916,0.248
B,ILE,28,CG2,0.039,0.248
B,ILE,28,CD1,42.323,0.248
B,ALA,29,N,0.000,0.144
B,ALA,29,CA,0.059,0.144
B,ALA,29,C,0.000,0.144
B,ALA,29,O,8.027,0.144
B,ALA,29,CB,7.415,0.144
B,LYS,30,N,0.000,0.775
B,LYS,30,CA,4.340,0.775
B,LYS,30,C,0.384,0.775
B,LYS,30,O,27.659,0.775
B,LYS,30,CB,16.830,0.775
B,LYS,30,CG,22.582,0.775
B,LYS,30,CD,33.902,0.775
B,LYS,30,CE,5.895,0.775
B,LYS,30,NZ,44.057,0.775
B,LEU,31,N,0.000,0.617
B,LEU,31,CA,6.086,0.617
B,LEU,31,C,2.138,0.617
B,LEU,31,O,12.873,0.617
B,LEU,31,CB,3.724,0.617
B,LEU,31,CG,14.175,0.617
B,LEU,31,CD1,30.906,0.617
B,LEU,31,CD2,40.336,0.617
B,VAL,32,N,0.000,0.170
B,VAL,32,CA,0.000,0.170
B,VAL,32,C,1.077,0.170
B,VAL,32,O,17.482,0.170
B,VAL,32,CB,1.783,0.170
B,VAL,32,CG1,5.283,0.170
B,VAL,32,CG2,0.080,0.170
B,PRO,33,N,0.148,0.538
B,PRO,33,CA,11.570,0.538
B,PRO,33,C,0.000,0.538
B,PRO,33,O,2.975,0.538
B,PRO,33,CB,19.203,0.538
B,PRO,33,CG,34.485,0.538
B,PRO,33,CD,4.891,0.538
B,LYS,34,N,9.192,0.734
B,LYS,34,CA,0.354,0.734
B,LYS,34,C,0.000,0.734
B,LYS,34,O,2.678,0.734
B,LYS,34,CB,25.634,0.734
B,LYS,34,CG,23.623,0.734
B,LYS,34,CD,35.422,0.734
B,LYS,34,CE,14.586,0.734
B,LYS,34,NZ,35.959,0.734
B,THR,35,N,3.502,0.732
B,THR,35,CA,0.000,0.732
B,THR,35,C,2.190,0.732
B,THR,35,O,25.805,0.732
B,THR,35,CB,14.335,0.732
B,THR,35,OG1,17.384,0.732
B,THR,35,CG2,38.758,0.732
B,HIS,36,N,0.000,0.363
B,HIS,36,CA,1.281,0.363
B,HIS,36,C,0.000,0.363
B,HIS,36,O,0.000,0.363
B,HIS,36,CB,6.570,0.363
B,HIS,36,CG,1.563,0.363
B,HIS,36,ND1,19.718,0.363
B,HIS,36,CD2,1.848,0.363
B,HIS,36,CE1,32.648,0.363
B,HIS,36,NE2,2.704,0.363
B,LEU,37,N,4.058,0.507
B,LEU,37,CA,0.000,0.507
B,LEU,37,C,0.455,0.507
B,LEU,37,O,9.998,0.507
B,LEU,37,CB,13.391,0.507
B,LEU,37,CG,8.776,0.507
B,LEU,37,CD1,50.651,0.507
B,LEU,37,CD2,3.164,0.507
B,MET,38,N,0.000,0.080
B,MET,38,CA,0.000,0.080
B,MET,38,C,2.366,0.080
B,MET,38,O,9.447,0.080
B,MET,38,CB,0.000,0.080
B,MET,38,CG,0.440,0.080
B,MET,38,SD,3.198,0.080
B,MET,38,CE,0.000,0.080
B,SER,39,N,0.616,0.455
B,SER,39,CA,10.002,0.455
B,SER,39,C,0.000,0.455
B,SER,39,O,0.000,0.455
B,SER,39,CB,38.311,0.455
B,SER,39,OG,4.033,0.455
B,GLU,40,N,5.819,0.284
B,GLU,40,CA,0.000,0.284
B,GLU,40,C,0.000,0.284
B,GLU,40,O,0.000,0.284
B,GLU,40,CB,6.782,0.284
B,GLU,40,CG,11.474,0.284
B,GLU,40,CD,4.435,0.284
B,GLU,40,OE1,3.601,0.284
B,GLU,40,OE2,16.839,0.284
B,SER,41,N,1.850,0.620
B,SER,41,CA,1.243,0.620
B,SER,41,C,1.137,0.620
B,SER,41,O,6.975,0.620
B,SER,41,CB,42.147,0.620
B,SER,41,OG,18.909,0.620
B,GLU,42,N,0.000,0.408
B,GLU,42,CA,3.703,0.408
B,GLU,42,C,0.000,0.408
B,GLU,42,O,2.864,0.408
B,GLU,42,CB,3.781,0.408
B,GLU,42,CG,20.305,0.408
B,GLU,42,CD,8.245,0.408
B,GLU,42,OE1,9.189,0.408
B,GLU,42,OE2,22.228,0.408
B,TRP,43,N,0.000,0.004
B,TRP,43,CA,0.000,0.004
B,TRP,43,C,0.000,0.004
B,TRP,43,O,0.000,0.004
B,TRP,43,CB,0.000,0.004
B,TRP,43,CG,0.000,0.004
B,TRP,43,CD1,0.000,0.004
B,TRP,43,CD2,0.000,0.004
B,TRP,43,NE1,1.003,0.004
B,TRP,43,CE2,0.000,0.004
B,TRP,43,CE3,0.000,0.004
B,TRP,43,CZ2,0.000,0.004
B,TRP,43,CZ3,0.000,0.004
B,TRP,43,CH2,0.023,0.004
B,ARG,44,N,0.000,0.538
B,ARG,44,CA,0.185,0.538
B,ARG,44,C,1.169,0.538
B,ARG,44,O,14.809,0.538
B,ARG,44,CB,9.706,0.538
B,ARG,44,CG,1.760,0.538
B,ARG,44,CD,26.148,0.538
B,ARG,44,NE,3.148,0.538
B,ARG,44,CZ,4.129,0.538
B,ARG,44,NH1,37.441,0.538
B,ARG,44,NH2,30.068,0.538
B,ASN,45,N,0.269,0.849
B,ASN,45,CA,9.344,0.849
B,ASN,45,C,0.000,0.849
B,ASN,45,O,22.157,0.849
B,ASN,45,CB,6.529,0.849
B,ASN,45,CG,5.599,0.849
B,ASN,45,OD1,24.205,0.849
B,ASN,45,ND2,54.035,0.849
B,LEU,46,N,0.000,0.088
B,LEU,46,CA,1.301,0.088
B,LEU,46,C,1.589,0.088
B,LEU,46,O,6.258,0.088
B,LEU,46,CB,0.000,0.088
B,LEU,46,CG,0.000,0.088
B,LEU,46,CD1,0.000,0.088
B,LEU,46,CD2,6.648,0.088
B,GLY,47,N,0.000,0.460
B,GLY,47,CA,28.445,0.460
B,GLY,47,C,0.866,0.460
B,GLY,47,O,7.558,0.460
B,VAL,48,N,0.000,0.012
B,VAL,48,CA,0.000,0.012
B,VAL,48,C,0.325,0.012
B,VAL,48,O,1.448,0.012
B,VAL,48,CB,0.000,0.012
B,VAL,48,CG1,0.000,0.012
B,VAL,48,CG2,0.000,0.012
B,GLN,49,N,0.000,0.864
B,GLN,49,CA,4.916,0.864
B,GLN,49,C,1.594,0.864
B,GLN,49,O,10.556,0.864
B,GLN,49,CB,20.166,0.864
B,GLN,49,CG,13.238,0.864
B,GLN,49,CD,10.469,0.864
B,GLN,49,OE1,35.229,0.864
B,GLN,49,NE2,58.118,0.864
B,GLN,50,N,3.715,0.169
B,GLN,50,CA,8.218,0.169
B,GLN,50,C,4.030,0.169
B,GLN,50,O,14.136,0.169
B,GLN,50,CB,0.000,0.169
B,GLN,50,CG,0.000,0.169
B,GLN,50,CD,0.000,0.169
B,GLN,50,OE1,0.000,0.169
B,GLN,50,NE2,0.000,0.169
B,SER,51,N,6.346,0.558
B,SER,51,CA,11.708,0.558
B,SER,51,C,0.124,0.558
B,SER,51,O,0.000,0.558
B,SER,51,CB,25.835,0.558
B,SER,51,OG,21.044,0.558
B,GLN,52,N,4.857,0.814
B,GLN,52,CA,0.655,0.814
B,GLN,52,C,0.010,0.814
B,GLN,52,O,5.314,0.814
B,GLN,52,CB,12.168,0.814
B,GLN,52,CG,18.477,0.814
B,GLN,52,CD,10.308,0.814
B,GLN,52,OE1,41.198,0.814
B,GLN,52,NE2,52.303,0.814
B,GLY,53,N,1.231,0.421
B,GLY,53,CA,28.810,0.421
B,GLY,53,C,0.603,0.421
B,GLY,53,O,3.087,0.421
B,TRP,54,N,0.000,0.026
B,TRP,54,CA,0.000,0.026
B,TRP,54,C,0.000,0.026
B,TRP,54,O,3.125,0.026
B,TRP,54,CB,0.000,0.026
B,TRP,54,CG,0.000,0.026
B,TRP,54,CD1,0.000,0.026
B,TRP,54,CD2,0.000,0.026
B,TRP,54,NE1,3.350,0.026
B,TRP,54,CE2,0.000,0.026
B,TRP,54,CE3,0.000,0.026
B,TRP,54,CZ2,0.035,0.026
B,TRP,54,CZ3,0.000,0.026
B,TRP,54,CH2,0.000,0.026
B,VAL,55,N,0.000,0.510
B,VAL,55,CA,1.346,0.510
B,VAL,55,C,0.000,0.510
B,VAL,55,O,0.000,0.510
B,VAL,55,CB,1.561,0.510
B,VAL,55,CG1,37.213,0.510
B,VAL,55,CG2,37.061,0.510
B,HIS,56,N,0.226,0.025
B,HIS,56,CA,0.000,0.025
B,HIS,56,C,0.000,0.025
B,HIS,56,O,3.057,0.025
B,HIS,56,CB,0.000,0.025
B,HIS,56,CG,0.000,0.025
B,HIS,56,ND1,0.000,0.025
B,HIS,56,CD2,0.000,0.025
B,HIS,56,CE1,0.694,0.025
B,HIS,56,NE2,0.621,0.025
B,TYR,57,N,0.000,0.087
B,TYR,57,CA,3.206,0.087
B,TYR,57,C,0.000,0.087
B,TYR,57,O,12.091,0.087
B,TYR,57,CB,2.425,0.087
B,TYR,57,CG,0.000,0.087
B,TYR,57,CD1,0.000,0.087
B,TYR,57,CD2,0.000,0.087
B,TYR,57,CE1,0.217,0.087
B,TYR,57,CE2,0.000,0.087
B,TYR,57,CZ,0.000,0.087
B,TYR,57,OH,0.489,0.087
B,MET,58,N,0.000,0.029
B,MET,58,CA,3.408,0.029
B,MET,58,C,0.000,0.029
B,MET,58,O,0.000,0.029
B,MET,58,CB,0.000,0.029
B,MET,58,CG,2.093,0.029
B,MET,58,SD,0.000,0.029
B,MET,58,CE,0.041,0.029
B,ILE,59,N,2.482,0.093
B,ILE,59,CA,0.000,0.093
B,ILE,59,C,0.000,0.093
B,ILE,59,O,0.084,0.093
B,ILE,59,CB,2.195,0.093
B,ILE,59,CG1,2.125,0.093
B,ILE,59,CG2,5.196,0.093
B,ILE,59,CD1,4.193,0.093
B,HIS,60,N,0.000,0.011
B,HIS,60,CA,1.360,0.011
B,HIS,60,C,0.000,0.011
B,HIS,60,O,0.000,0.011
B,HIS,60,CB,0.000,0.011
B,HIS,60,CG,0.000,0.011
B,HIS,60,ND1,0.000,0.011
B,HIS,60,CD2,0.733,0.011
B,HIS,60,CE1,0.000,0.011
B,HIS,60,NE2,0.000,0.011
B,GLU,61,N,1.135,0.448
B,GLU,61,CA,0.043,0.448
B,GLU,61,C,0.825,0.448
B,GLU,61,O,10.947,0.448
B,GLU,61,CB,10.876,0.448
B,GLU,61,CG,34.685,0.448
B,GLU,61,CD,2.505,0.448
B,GLU,61,OE1,15.084,0.448
B,GLU,61,OE2,1.084,0.448
B,PRO,62,N,0.000,0.486
B,PRO,62,CA,11.651,0.486
B,PRO,62,C,0.183,0.486
B,PRO,62,O,25.559,0.486
B,PRO,62,CB,13.879,0.486
B,PRO,62,CG,14.845,0.486
B,PRO,62,CD,0.000,0.486
B,GLU,63,N,0.000,0.134
B,GLU,63,CA,1.274,0.134
B,GLU,63,C,0.000,0.134
B,GLU,63,O,0.000,0.134
B,GLU,63,CB,0.000,0.134
B,GLU,63,CG,8.174,0.134
B,GLU,63,CD,0.000,0.134
B,GLU,63,OE1,0.000,0.134
B,GLU,63,OE2,13.550,0.134
B,PRO,64,N,0.000,0.411
B,PRO,64,CA,0.000,0.411
B,PRO,64,C,1.289,0.411
B,PRO,64,O,6.440,0.411
B,PRO,64,CB,11.007,0.411
B,PRO,64,CG,27.254,0.411
B,PRO,64,CD,9.979,0.411
B,HIS,65,N,0.000,0.344
B,HIS,65,CA,0.067,0.344
B,HIS,65,C,0.000,0.344
B,HIS,65,O,0.000,0.344
B,HIS,65,CB,8.573,0.344
B,HIS,65,CG,3.341,0.344
B,HIS,65,ND1,3.369,0.344
B,HIS,65,CD2,10.130,0.344
B,HIS,65,CE1,23.815,0.344
B,HIS,65,NE2,13.531,0.344
B,ILE,66,N,0.000,0.009
B,ILE,66,CA,0.000,0.009
B,ILE,66,C,0.000,0.009
B,ILE,66,O,1.263,0.009
B,ILE,66,CB,0.000,0.009
B,ILE,66,CG1,0.000,0.009
B,ILE,66,CG2,0.000,0.009
B,ILE,66,CD1,0.327,0.009
B,LEU,67,N,0.000,0.015
B,LEU,67,CA,0.000,0.015
B,LEU,67,C,0.000,0.015
B,LEU,67,O,0.000,0.015
B,LEU,67,CB,0.000,0.015
B,LEU,67,CG,0.000,0.015
B,LEU,67,CD1,0.000,0.015
B,LEU,67,CD2,2.601,0.015
B,LEU,68,N,0.000,0.003
B,LEU,68,CA,0.000,0.003
B,LEU,68,C,0.000,0.003
B,LEU,68,O,0.000,0.003
B,LEU,68,CB,0.000,0.003
B,LEU,68,CG,0.000,0.003
B,LEU,68,CD1,0.000,0.003
B,LEU,68,CD2,0.473,0.003
B,PHE,69,N,0.000,0.000
B,PHE,69,CA,0.000,0.000
B,PHE,69,C,0.000,0.000
B,PHE,69,O,0.098,0.000
B,PHE,69,CB,0.000,0.000
B,PHE,69,CG,0.000,0.000
B,PHE,69,CD1,0.000,0.000
B,PHE,69,CD2,0.000,0.000
B,PHE,69,CE1,0.000,0.000
B,PHE,69,CE2,0.000,0.000
B,PHE,69,CZ,0.000,0.000
B,ARG,70,N,0.000,0.243
B,ARG,70,CA,0.000,0.243
B,ARG,70,C,0.160,0.243
B,ARG,70,O,0.000,0.243
B,ARG,70,CB,0.000,0.243
B,ARG,70,CG,0.440,0.243
B,ARG,70,CD,0.000,0.243
B,ARG,70,NE,2.912,0.243
B,ARG,70,CZ,0.063,0.243
B,ARG,70,NH1,11.057,0.243
B,ARG,70,NH2,43.313,0.243
B,ARG,71,N,0.000,0.244
B,ARG,71,CA,0.000,0.244
B,ARG,71,C,0.000,0.244
B,ARG,71,O,0.000,0.244
B,ARG,71,CB,0.000,0.244
B,ARG,71,CG,5.632,0.244
B,ARG,71,CD,6.039,0.244
B,ARG,71,NE,3.237,0.244
B,ARG,71,CZ,4.305,0.244
B,ARG,71,NH1,8.630,0.244
B,ARG,71,NH2,30.475,0.244
B,PRO,72,N,0.000,0.588
B,PRO,72,CA,0.000,0.588
B,PRO,72,C,0.188,0.588
B,PRO,72,O,6.521,0.588
B,PRO,72,CB,23.993,0.588
B,PRO,72,CG,38.398,0.588
B,PRO,72,CD,10.949,0.588
B,LEU,73,N,0.000,0.338
B,LEU,73,CA,0.000,0.338
B,LEU,73,C,1.731,0.338
B,LEU,73,O,22.028,0.338
B,LEU,73,CB,7.248,0.338
B,LEU,73,CG,7.990,0.338
B,LEU,73,CD1,5.272,0.338
B,LEU,73,CD2,16.180,0.338
B,PRO,74,N,0.000,1.217
B,PRO,74,CA,5.430,1.217
B,PRO,74,C,27.465,1.217
B,PRO,74,O,15.760,1.217
B,PRO,74,CB,36.547,1.217
B,PRO,74,CG,43.950,1.217
B,PRO,74,CD,36.453,1.217